Customer ID,Full Name,Credit Score,Credit Limit,Outstanding Debt,SSN
201,Michael Hunter,698,"$11,890 ","$1,165 ",681516294
202,Kevin Hanna,666,"$13,376 ","$2,990 ",427278963
203,Amy King,703,"$9,969 ","$4,964 ",125521435
204,Elizabeth Hunter,722,"$10,866 ","$3,389 ",890269661
205,Laura Pierce,655,"$13,268 ","$1,570 ",440150217
206,Christopher Sanchez,672,"$7,289 ","$4,095 ",560519977
207,Crystal Walsh,624,"$9,104 ","$4,726 ",794028999
208,Sean Lee,736,"$14,861 ","$4,695 ",971104079
209,Richard Rivers DVM,637,"$10,081 ","$1,404 ",299810911
210,Eric Pineda,786,"$6,208 ","$4,681 ",317316417
211,Anthony Robertson,775,"$10,409 ","$2,933 ",664319054
212,Paige Taylor,743,"$6,649 ","$2,449 ",853991216
213,Daniel Fields,711,"$10,180 ","$3,502 ",864321416
214,James Stephenson,763,"$8,350 ","$4,959 ",272247411
215,Justin Dunn,741,"$12,815 ","$2,813 ",687884927
216,Emily Scott,733,"$9,267 ","$1,255 ",520345111
217,Mason Kramer,740,"$5,230 ","$1,382 ",619051717
218,Joshua Perez,784,"$11,534 ","$3,909 ",439390923
219,Joshua Schwartz,800,"$5,018 ","$3,506 ",725866944
220,Andrew Morgan,726,"$10,458 ","$1,999 ",263416426
221,Jenna Larsen,786,"$10,328 ","$3,882 ",925917084
222,Daniel Sanders,616,"$8,130 ","$4,756 ",598452919
223,Marie French,745,"$8,632 ","$1,977 ",861244269
224,Sarah Ferrell,636,"$13,896 ","$2,834 ",748946718
225,Kimberly Jefferson MD,623,"$6,318 ","$2,310 ",862796930
226,Jeffrey Sherman,730,"$13,016 ","$1,446 ",732164629
227,Jacob Delgado,677,"$14,031 ","$2,192 ",293335375
228,Lawrence Lee,780,"$7,044 ","$3,242 ",797290602
229,Lauren Wilson,685,"$13,852 ","$1,832 ",13503699
230,Savannah Williams,754,"$13,965 ","$3,406 ",758837553
231,Tonya Owens DDS,673,"$12,290 ","$1,375 ",793887748
232,Jonathan Smith,752,"$11,306 ","$2,298 ",351834739
233,Melissa Graham,747,"$8,966 ","$2,189 ",517586398
234,Robert Poole,647,"$8,102 ","$4,364 ",515322796
235,Sheena Bailey,647,"$5,540 ","$3,509 ",819585593
236,Luis Martin,768,"$9,260 ","$2,951 ",718193822
237,Peter Duffy,617,"$6,471 ","$3,780 ",731150403
238,Stacey James,793,"$7,133 ","$4,591 ",821347166
239,Alexander Peterson,638,"$5,633 ","$4,450 ",753727746
240,Mike Henderson,620,"$13,857 ","$3,799 ",101805565
241,Jason Reyes,700,"$13,594 ","$2,128 ",410732948
242,Holly Murphy,733,"$8,858 ","$4,479 ",164641572
243,Daniel Lee,655,"$14,663 ","$4,380 ",386979842
244,Jamie Smith,707,"$14,497 ","$2,127 ",38654632
245,Bethany Knox,715,"$13,071 ","$3,704 ",892497605
246,Erin Rodriguez,764,"$10,855 ","$1,337 ",79605046
247,Elizabeth Mullen,683,"$6,889 ","$2,992 ",665391874
248,Michael Duke,750,"$10,493 ","$4,461 ",641557743
249,Samantha Stevens,648,"$8,981 ","$1,066 ",639589706
250,Michael Mcdowell,787,"$9,440 ","$1,479 ",417097957
251,Lori Nguyen,780,"$8,612 ","$2,523 ",194769565
252,Veronica Campbell,643,"$10,448 ","$2,745 ",872445997
253,Cynthia Chavez,615,"$6,648 ","$4,207 ",743659608
254,Anna Silva,637,"$8,584 ","$1,185 ",466195290
255,Jared Jones,746,"$13,752 ","$3,466 ",759479636
256,Mrs. Taylor Jones,774,"$6,212 ","$1,109 ",87507959
257,Kathy Adkins,631,"$8,088 ","$3,483 ",738519432
258,Evelyn Strickland,747,"$6,961 ","$2,602 ",708219014
259,Dr. Wayne Johnson Jr.,623,"$11,064 ","$4,415 ",33383961
260,Danny Montgomery,629,"$5,596 ","$3,480 ",716237449
261,Christina Anderson,605,"$8,188 ","$4,936 ",429869379
262,Justin Webster,647,"$7,029 ","$2,962 ",216309142
263,Sandra Smith,653,"$6,000 ","$4,837 ",489027899
264,Juan Harvey,773,"$5,373 ","$3,229 ",98427600
265,Ashley Walker,708,"$6,662 ","$4,423 ",357870290
266,Mary Hutchinson,666,"$6,146 ","$1,904 ",7086386
267,Jonathan Mcdonald,618,"$9,932 ","$2,434 ",379411440
268,Daniel Barber,711,"$7,954 ","$1,250 ",161574320
269,Daniel Mueller,728,"$12,653 ","$1,161 ",184704479
270,Kyle Shaw,752,"$6,653 ","$3,864 ",489836917
271,Sherri Price,700,"$8,266 ","$2,065 ",625662279
272,Stephanie Malone,691,"$12,704 ","$4,433 ",202380852
273,Crystal Rios,745,"$7,775 ","$3,857 ",100240776
274,Brian Logan Jr.,772,"$8,332 ","$4,958 ",568689769
275,Aaron Allen,796,"$5,951 ","$4,230 ",341132614
276,Laura Adams,773,"$7,592 ","$4,462 ",471631682
277,Daniel Beard,641,"$10,608 ","$3,168 ",505138718
278,Johnny Miles,664,"$6,920 ","$3,444 ",815637893
279,Shawn Miranda,713,"$7,864 ","$1,054 ",691732785
280,Anthony Lang,720,"$11,715 ","$4,686 ",317238446
281,Timothy Mendez,745,"$13,332 ","$4,758 ",413559666
282,Kimberly Hudson,679,"$10,851 ","$2,591 ",835441096
283,Stephen Bennett,768,"$9,111 ","$1,628 ",705648591
284,Charles Allison,743,"$5,203 ","$2,875 ",289141295
285,Alan Kirby,789,"$6,295 ","$2,375 ",729230439
286,Joshua Keller,789,"$5,748 ","$3,229 ",502973036
287,Mckenzie Burnett MD,671,"$7,209 ","$1,983 ",856367165
288,Monique Jackson,795,"$12,894 ","$2,442 ",691478598
289,Lisa Olson,756,"$9,716 ","$3,758 ",506571747
290,Joseph Swanson,691,"$14,671 ","$4,878 ",178875656
291,Dr. Anne Martin,762,"$7,168 ","$3,931 ",632209290
292,Kathryn Lang,679,"$11,357 ","$4,065 ",828749316
293,David Navarro,706,"$6,322 ","$1,006 ",872295782
294,James Young,752,"$8,150 ","$3,861 ",56834982
295,Valerie Hall,685,"$7,622 ","$1,980 ",213157384
296,Jason Becker,657,"$12,342 ","$2,550 ",748074956
297,Michael Jenkins,781,"$14,308 ","$4,582 ",524291529
298,James Bailey,706,"$5,516 ","$2,647 ",85370049
299,Derek Guerrero,779,"$14,297 ","$2,713 ",494557545
300,Joseph Abbott,797,"$5,766 ","$1,678 ",618959218
301,Mr. David Perkins,714,"$6,046 ","$2,061 ",186965810
302,Brittany Choi,779,"$7,583 ","$2,828 ",116513188
303,Benjamin Koch,735,"$12,983 ","$4,719 ",796965912
304,Tyler Carter,743,"$14,895 ","$4,094 ",720435639
305,Richard Bush,600,"$5,637 ","$3,025 ",411768382
306,Megan Moyer,683,"$10,112 ","$4,431 ",585535257
307,Melody Fry,719,"$5,816 ","$4,313 ",893316199
308,Justin Young,706,"$8,080 ","$3,246 ",817420009
309,Kathryn Crawford,762,"$6,367 ","$4,430 ",314979501
310,Matthew Wright,785,"$7,138 ","$1,060 ",554591849
311,Travis Carter,702,"$11,840 ","$2,295 ",384447703
312,Raymond Martin,600,"$8,498 ","$1,058 ",238085797
313,Jeffery Robinson,783,"$5,038 ","$4,369 ",874529420
314,Casey Stone,772,"$13,656 ","$3,507 ",648677196
315,Jeremy Harris,625,"$8,120 ","$1,487 ",437541691
316,Angela Hernandez,755,"$8,252 ","$4,578 ",648754443
317,Matthew Harrison,677,"$9,587 ","$3,820 ",560156746
318,Samantha Chandler,646,"$6,641 ","$2,948 ",825791581
319,Teresa Carroll,701,"$6,332 ","$1,089 ",748644224
320,Brian Francis,670,"$12,421 ","$4,276 ",516772488
321,Michelle Norris,629,"$9,202 ","$1,546 ",835139826
322,Michelle Park,767,"$13,533 ","$4,347 ",3742682
323,Nicholas Smith,766,"$10,686 ","$1,471 ",339261487
324,John Miller,639,"$9,561 ","$4,486 ",138940919
325,Ashley Snyder,604,"$5,693 ","$1,166 ",455502492
326,Vanessa Davis,652,"$9,254 ","$3,287 ",159701888
327,Patricia Scott,680,"$11,011 ","$4,843 ",358452571
328,Mary Romero,745,"$5,688 ","$4,466 ",504640403
329,Michael Archer,791,"$14,954 ","$3,684 ",497294569
330,Jenny Rodriguez,726,"$12,514 ","$3,622 ",803753488
331,Jonathan Herrera,711,"$11,102 ","$4,569 ",240846759
332,Alexander Oliver,737,"$7,921 ","$1,851 ",233947914
333,Jason Miller,696,"$14,619 ","$2,192 ",870940743
334,Amy Underwood,602,"$7,268 ","$1,618 ",465297736
335,Amanda Ross,669,"$10,462 ","$2,382 ",679963811
336,Joan Lawrence,694,"$6,535 ","$2,385 ",759724753
337,Rebecca Thomas,799,"$5,584 ","$1,168 ",807719771
338,Anthony Jordan,669,"$7,684 ","$1,612 ",74907184
339,Ashley Caldwell,749,"$9,743 ","$2,478 ",481791403
340,Gregory Taylor,701,"$13,986 ","$1,531 ",407419462
341,Jesse Ruiz,675,"$6,882 ","$2,958 ",692872839
342,Jessica Thompson,787,"$8,927 ","$4,824 ",711612714
343,Carrie Ford,612,"$10,044 ","$1,735 ",437817455
344,Carrie Hahn,733,"$6,161 ","$2,239 ",891465350
345,Michelle Harper MD,703,"$10,382 ","$2,225 ",503427888
346,Jose Diaz,706,"$6,780 ","$1,407 ",370807861
347,Stacy Lutz,743,"$12,883 ","$2,941 ",873341829
348,Ryan Curtis,686,"$10,630 ","$1,509 ",755802918
349,Claire Fletcher,722,"$6,900 ","$3,865 ",502820125
350,Christopher Fletcher,727,"$11,988 ","$1,154 ",889027654
351,Danielle Christensen,677,"$10,489 ","$4,009 ",550544096
352,Joan Sanchez,775,"$7,550 ","$4,767 ",360241507
353,Ashley English,642,"$14,248 ","$2,538 ",64852988
354,Linda Hardy,763,"$6,424 ","$1,269 ",891601639
355,Allison Young,621,"$8,244 ","$4,071 ",772129517
356,Nathan Munoz,656,"$6,001 ","$2,576 ",486760324
357,Vernon Pace,602,"$6,606 ","$2,613 ",719988047
358,Christopher Carter,742,"$13,503 ","$2,187 ",139985864
359,Jillian Nash,714,"$13,005 ","$4,228 ",12976312
360,Kristy Clark,749,"$8,559 ","$2,732 ",217866873
361,Michele Santos,621,"$11,034 ","$1,901 ",677783626
362,Sandra Carter,666,"$14,588 ","$4,183 ",708703674
363,John Montes,642,"$12,065 ","$1,786 ",247711144
364,Brianna Santiago,691,"$6,884 ","$1,261 ",363984276
365,Evan Russell,779,"$5,452 ","$4,698 ",377854599
366,David Pearson,734,"$12,399 ","$4,081 ",176527516
367,Sandra Brown,773,"$8,304 ","$1,487 ",531789920
368,Julie Hughes,727,"$11,520 ","$2,050 ",348965311
369,Brenda Garcia,653,"$5,689 ","$4,882 ",422875018
370,Brian Wilson,655,"$7,397 ","$1,428 ",175748791
371,Joshua Moore,650,"$12,510 ","$2,548 ",6437528
372,Philip Moyer,692,"$13,952 ","$4,387 ",721400793
373,Connie Keith,638,"$6,716 ","$3,442 ",262483883
374,Shannon Peterson,724,"$7,431 ","$3,309 ",585457278
375,Mrs. Gabrielle Cohen DDS,703,"$11,934 ","$4,594 ",7259034
376,Sheryl Livingston PhD,733,"$13,116 ","$3,782 ",425411874
377,Jamie Knapp,682,"$13,166 ","$3,042 ",516494827
378,Katelyn Lee,762,"$8,309 ","$3,223 ",254887317
379,Nicholas Wallace,756,"$8,584 ","$1,039 ",647968206
380,Jonathan Morgan,687,"$10,214 ","$4,351 ",324882992
381,Allison Nelson,682,"$5,581 ","$3,150 ",419687669
382,Jenna Barton,637,"$9,208 ","$3,468 ",401206441
383,Sara Sullivan,800,"$7,554 ","$4,450 ",884093559
384,Tyler Thompson,697,"$14,551 ","$2,205 ",286814515
385,Brett Mills,783,"$12,707 ","$1,271 ",705110019
386,Jaclyn Dixon,621,"$13,462 ","$4,558 ",742426654
387,Kevin Harding,610,"$6,087 ","$1,921 ",234112456
388,Jamie Roberts,633,"$5,665 ","$2,230 ",386992147
389,Danielle Mclaughlin,603,"$12,349 ","$2,354 ",253543606
390,Janet Nunez,641,"$7,438 ","$4,558 ",391388374
391,Amanda White,767,"$12,548 ","$4,967 ",780867591
392,Leonard Williams,695,"$13,273 ","$2,565 ",535599276
393,Kathryn Sharp,735,"$13,231 ","$1,137 ",628052776
394,Nicholas Miller,746,"$6,485 ","$3,779 ",487202467
395,William Lindsey,732,"$14,832 ","$1,312 ",625499199
396,Katelyn Mason,791,"$11,985 ","$4,710 ",883972614
397,Charlene Smith,793,"$8,376 ","$2,186 ",275192624
398,Jamie Dean,737,"$14,807 ","$2,711 ",44232928
399,Lori Coleman,723,"$11,366 ","$3,488 ",622595132
400,Samantha Hamilton,750,"$8,826 ","$4,486 ",236612818
401,Cheyenne Schaefer,605,"$5,003 ","$4,034 ",608095464
402,Sandra Martin,646,"$9,955 ","$3,076 ",568369365
403,Dr. Alexis Collins,745,"$9,169 ","$2,362 ",672474493
404,Brandi Kaiser DDS,616,"$13,085 ","$4,522 ",396738599
405,Kristin Garcia,667,"$9,961 ","$4,164 ",120494412
406,Jessica Watson,704,"$11,294 ","$4,317 ",472478531
407,Kyle Nunez,698,"$6,020 ","$1,670 ",446887186
408,Samantha Shaw,764,"$7,086 ","$1,978 ",65917380
409,Ricardo Novak,673,"$10,472 ","$1,227 ",560972476
410,Natalie Mendoza,609,"$12,886 ","$2,711 ",846925478
411,Jeremy Gibson,636,"$13,058 ","$4,645 ",612964038
412,Lori Mathews,754,"$6,337 ","$3,758 ",276758924
413,Jeff Fox,778,"$7,480 ","$4,318 ",745598933
414,Joshua Smith,690,"$11,736 ","$1,144 ",13313806
415,Jennifer Parker,756,"$12,639 ","$2,583 ",91350712
416,Amber Castaneda,717,"$5,770 ","$1,415 ",597709777
417,Shawn Jones,720,"$7,480 ","$1,082 ",166850693
418,Monica Smith,608,"$14,802 ","$3,528 ",562010750
419,Christopher Wolf,633,"$10,306 ","$1,431 ",515343094
420,Lance Adams,779,"$13,997 ","$3,658 ",572920296
421,Katherine Frederick,688,"$8,194 ","$2,570 ",742771269
422,Courtney Hernandez,800,"$13,033 ","$1,454 ",452430397
423,Richard Contreras,615,"$14,996 ","$3,870 ",626486301
424,Monique West,719,"$10,535 ","$3,664 ",355126310
425,Kelly Reyes,631,"$9,855 ","$4,229 ",683073237
426,Laura Williams,632,"$11,351 ","$4,274 ",701484321
427,Patricia Chambers,675,"$6,991 ","$3,125 ",746991094
428,Joshua Shea,648,"$5,625 ","$4,203 ",522197279
429,Kristen Casey,700,"$12,283 ","$2,521 ",50961359
430,Stephanie Jimenez,793,"$8,120 ","$2,865 ",849300356
431,Alejandro Cruz,691,"$6,234 ","$4,917 ",709180353
432,Darryl Hernandez,611,"$5,655 ","$2,991 ",124384737
433,Jenna Padilla,665,"$5,436 ","$4,869 ",483435552
434,Stephanie Jimenez,733,"$14,326 ","$3,342 ",420755352
435,Alexandra Holland,655,"$8,762 ","$1,382 ",352116093
436,Kathryn Mcbride,798,"$13,231 ","$3,861 ",527276673
437,Jamie Morales,734,"$11,883 ","$3,077 ",115127585
438,Gabrielle Preston MD,678,"$6,858 ","$1,596 ",423710313
439,Ashley Stokes,709,"$14,273 ","$2,728 ",846611320
440,Chad Martinez,621,"$6,716 ","$2,702 ",793048385
441,John Wolfe,616,"$6,625 ","$2,700 ",801302944
442,Denise Smith,798,"$7,558 ","$4,007 ",518603249
443,Dean Wood Jr.,607,"$12,319 ","$2,765 ",759929670
444,Lori Reyes,775,"$11,832 ","$1,123 ",144542578
445,Jason Wilson,727,"$10,316 ","$3,959 ",374900058
446,James Rice,664,"$6,286 ","$2,443 ",3713340
447,Anne Carter,618,"$6,988 ","$2,471 ",313322258
448,Michelle Henderson,777,"$5,481 ","$2,414 ",743607945
449,Donna Kline,689,"$7,914 ","$1,040 ",17067970
450,Kayla Stewart,659,"$10,993 ","$1,288 ",15752619
451,Sara Valenzuela,752,"$7,347 ","$1,851 ",825584003
452,David Mckay,600,"$8,355 ","$3,699 ",66187377
453,Christopher Sherman DDS,772,"$7,018 ","$4,063 ",782646241
454,Olivia Rasmussen,601,"$9,804 ","$2,511 ",537309666
455,Emily Baker,776,"$5,403 ","$4,820 ",836445808
456,Derek Anderson,754,"$8,815 ","$4,519 ",306792479
457,Jacqueline Harding,636,"$8,063 ","$2,859 ",433636435
458,Robert Hensley,628,"$12,810 ","$2,410 ",564277641
459,James Drake,781,"$9,230 ","$1,533 ",244455545
460,Mikayla Galvan,607,"$8,409 ","$2,483 ",609478569
461,Michelle Larson,685,"$12,755 ","$4,935 ",470497434
462,Jessica Alexander,674,"$9,855 ","$4,838 ",795356902
463,Jose Dudley,741,"$10,357 ","$1,753 ",626668299
464,John Bowman,751,"$6,323 ","$1,420 ",96392081
465,Michele Friedman,736,"$14,516 ","$2,260 ",444427627
466,Michael Harmon,640,"$11,170 ","$4,676 ",120472858
467,David Chavez,637,"$7,051 ","$4,294 ",664491695
468,Mark Norris,657,"$10,175 ","$3,082 ",769271093
469,George Black,662,"$8,877 ","$4,091 ",273653186
470,Bryan Hamilton,647,"$9,768 ","$2,525 ",831952024
471,Carrie Ramos,707,"$5,757 ","$4,526 ",654605294
472,Rachael Smith,633,"$14,850 ","$1,084 ",635906787
473,Laura Patel,700,"$6,276 ","$3,876 ",744877551
474,Jessica Welch,618,"$7,163 ","$2,721 ",454976060
475,John Graham,676,"$14,023 ","$2,707 ",849887209
476,Gary Rodriguez,789,"$7,331 ","$3,421 ",652865042
477,Adam Delgado,708,"$9,882 ","$3,609 ",84763462
478,Amanda Perez,690,"$6,385 ","$2,016 ",765167635
479,Erica Perez,713,"$11,049 ","$3,609 ",547474135
480,Benjamin Ross,735,"$5,947 ","$2,541 ",680949478
481,Jessica Simmons,704,"$5,138 ","$2,708 ",124926727
482,Raymond Green,786,"$10,253 ","$2,807 ",712799295
483,David Booth,652,"$11,088 ","$2,201 ",855252045
484,Shannon Watson,720,"$6,491 ","$4,892 ",825721545
485,Kyle Stewart,647,"$6,779 ","$2,134 ",598883170
486,Edward Carr III,628,"$14,145 ","$3,480 ",394816874
487,Danielle Becker,776,"$7,521 ","$4,259 ",615513995
488,Robert Clements,779,"$12,309 ","$4,802 ",306685934
489,Brian Morgan,702,"$8,037 ","$4,144 ",298090974
490,Carolyn Jefferson,707,"$12,073 ","$1,715 ",71216572
491,Brian Calderon,663,"$12,429 ","$2,394 ",539059961
492,Jimmy Brown,733,"$7,335 ","$2,455 ",334115729
493,Gina Bailey,718,"$6,417 ","$2,979 ",688859937
494,Julia Lee,793,"$8,336 ","$2,207 ",381505986
495,Blake Winters,600,"$12,357 ","$3,534 ",430154754
496,Donald Oliver,718,"$5,127 ","$1,895 ",829906367
497,Robin Hodges,676,"$6,875 ","$4,148 ",289295098
498,Rachel Clark,761,"$9,934 ","$3,233 ",348195663
499,Alexander Calderon,755,"$7,559 ","$2,737 ",835783550
500,David Marshall,780,"$12,723 ","$1,379 ",337646827
501,Christine West,773,"$13,153 ","$4,113 ",648645340
502,Robert Moon,659,"$13,908 ","$4,121 ",46975383
503,Stacy Lane,703,"$9,588 ","$3,588 ",673230982
504,Emma Hamilton,605,"$6,979 ","$2,106 ",691163563
505,Angela Grant,771,"$5,664 ","$1,001 ",708370692
506,James Frey,665,"$11,527 ","$3,154 ",38637139
507,Shannon Bowen,748,"$11,491 ","$2,821 ",180111438
508,Michael Wise,626,"$9,138 ","$2,449 ",235811030
509,Kelly George,672,"$8,211 ","$3,438 ",497713258
510,Wendy Beck,621,"$5,580 ","$1,288 ",149949930
511,Tara Martinez,667,"$10,007 ","$3,185 ",328153714
512,Frederick Carpenter,687,"$6,936 ","$3,171 ",679176061
513,Christopher Perez,663,"$7,679 ","$1,278 ",733284645
514,Jennifer Jackson,706,"$9,746 ","$2,158 ",299284597
515,Ricky Harrell,733,"$7,202 ","$3,351 ",633641327
516,Beverly Jones,733,"$8,445 ","$3,176 ",76966438
517,William Owens,626,"$11,730 ","$4,914 ",307301710
518,Jamie Powell,762,"$13,905 ","$2,652 ",764568544
519,Claudia Wallace,789,"$9,564 ","$2,197 ",538245247
520,James Vaughn,713,"$11,091 ","$3,327 ",548278719
521,Brian Woods,760,"$7,257 ","$1,643 ",304159548
522,Meghan Carter,631,"$6,974 ","$2,562 ",882766437
523,Frank Perez,702,"$14,683 ","$2,916 ",464150259
524,Stephanie Mathis,635,"$14,168 ","$3,737 ",648868634
525,Ricardo Gordon,676,"$10,800 ","$3,589 ",505981442
526,Jesse Jenkins MD,721,"$11,801 ","$1,892 ",854370885
527,Benjamin Lewis,722,"$13,009 ","$3,845 ",54670872
528,Thomas Mcdonald,728,"$10,214 ","$3,018 ",349940733
529,Madison Williams,766,"$5,986 ","$2,818 ",150073358
530,Chelsea Holden,676,"$7,339 ","$4,052 ",144303718
531,Eric Barajas,726,"$5,858 ","$4,634 ",530152894
532,Charlotte Mckay,759,"$8,534 ","$1,104 ",707055547
533,David Hubbard,690,"$12,725 ","$2,601 ",379614261
534,Donna Whitehead,602,"$13,631 ","$1,272 ",714916875
535,Kimberly Stewart,775,"$6,333 ","$3,811 ",448586394
536,Michael Jefferson,789,"$11,473 ","$1,026 ",293269588
537,Matthew Ward,692,"$5,674 ","$1,475 ",589025055
538,Abigail Newton,758,"$5,061 ","$2,107 ",670943312
539,Carl Anderson,763,"$9,792 ","$3,978 ",824305515
540,Theodore Montgomery,658,"$7,304 ","$4,078 ",792701818
541,Erik Davis,746,"$9,717 ","$1,783 ",294804320
542,Anne Mccullough,626,"$12,110 ","$2,887 ",447772047
543,Morgan Roach,783,"$10,409 ","$2,573 ",422539231
544,Anita Stephens,643,"$10,418 ","$2,727 ",512600454
545,Sharon Norman,765,"$12,131 ","$1,606 ",332539730
546,Ricardo King,714,"$7,416 ","$3,146 ",208053621
547,Richard Barron,680,"$7,117 ","$1,855 ",249963869
548,Matthew Sparks,647,"$12,276 ","$2,430 ",398285180
549,Francis Key,699,"$12,000 ","$4,304 ",12920491
550,Dennis Jensen,725,"$11,382 ","$3,989 ",628277196
551,Christopher Walsh,656,"$8,214 ","$2,799 ",860655335
552,Jermaine Merritt,652,"$14,609 ","$3,908 ",897959643
553,Mary Cook,612,"$11,362 ","$1,136 ",394397500
554,Rodney Farmer,659,"$6,387 ","$4,567 ",177746472
555,Elizabeth Nguyen,647,"$10,957 ","$1,233 ",679307499
556,Joshua Jensen,790,"$7,840 ","$1,954 ",896240125
557,Jennifer Mcdaniel,756,"$9,874 ","$3,508 ",458836527
558,Anthony Wood,622,"$13,390 ","$4,078 ",174024213
559,Amber Ross,672,"$10,784 ","$2,685 ",431428307
560,Lisa Benton,717,"$5,883 ","$3,588 ",355686200
561,Jesse Crane,778,"$13,456 ","$3,726 ",444798119
562,Jesse Smith,766,"$13,965 ","$4,808 ",603732829
563,Alexander Mills,788,"$12,055 ","$3,379 ",409571746
564,Colin Rosario,716,"$13,031 ","$2,043 ",805930997
565,Victoria Porter,780,"$12,793 ","$1,882 ",361862853
566,Nicholas Perez,686,"$9,356 ","$1,172 ",439676273
567,Danielle Hart,611,"$5,861 ","$1,667 ",314219558
568,Tina Callahan,689,"$5,063 ","$2,187 ",561484668
569,Jacqueline Wolf,767,"$5,116 ","$1,575 ",620139161
570,Alexander Thompson,616,"$12,008 ","$3,787 ",847867288
571,Christopher Koch,656,"$14,971 ","$2,624 ",602619135
572,Andrew Diaz,742,"$8,620 ","$2,858 ",484203492
573,Brittany Stewart,649,"$10,562 ","$3,491 ",682798192
574,Darryl Parks,626,"$14,934 ","$4,616 ",862355954
575,Jeffrey Hebert,621,"$10,226 ","$2,322 ",479240750
576,Brianna Gray,737,"$12,466 ","$4,659 ",421752853
577,Matthew Carter,683,"$9,186 ","$1,118 ",98371962
578,Jacob Price,733,"$5,726 ","$1,778 ",811673439
579,Daniel Thompson,694,"$6,312 ","$1,858 ",138835546
580,Laura Glover,734,"$10,664 ","$1,769 ",778696273
581,Jason Hayes,651,"$9,116 ","$3,755 ",869018715
582,Danielle Bennett,786,"$9,936 ","$2,278 ",33447537
583,Paul Bell,732,"$11,302 ","$2,043 ",52791017
584,Dennis Cameron,723,"$10,635 ","$4,571 ",651212606
585,Nicole Luna,782,"$8,931 ","$1,182 ",314144935
586,Mark Taylor,678,"$14,043 ","$1,296 ",787599961
587,Dustin Sullivan,602,"$12,551 ","$3,028 ",702698260
588,Alyssa Lopez,785,"$12,179 ","$1,194 ",75792262
589,David Leon,705,"$13,086 ","$2,886 ",644451129
590,Jeffrey Wright,712,"$6,935 ","$1,350 ",106802901
591,Timothy Price,620,"$8,950 ","$1,404 ",567529960
592,William Lopez,795,"$7,519 ","$2,695 ",527034749
593,Lindsay Perkins,654,"$12,219 ","$3,509 ",44176245
594,Patricia Reynolds,619,"$11,994 ","$3,289 ",453747638
595,Bradley Flores,793,"$11,463 ","$1,161 ",437783175
596,Heather Burnett,646,"$9,091 ","$3,007 ",80641769
597,Joshua Ryan,656,"$7,098 ","$4,442 ",487211333
598,Michael Welch,671,"$10,768 ","$2,309 ",568657820
599,Lori Silva,711,"$6,757 ","$3,281 ",5070192
600,Patrick Jackson,673,"$14,995 ","$3,216 ",575111434
601,Lauren Ruiz,651,"$9,860 ","$4,184 ",671065387
602,Kevin Harvey,713,"$13,421 ","$3,476 ",100116246
603,Patricia Nelson,718,"$13,784 ","$3,598 ",230315942
604,Christopher Bautista,666,"$9,465 ","$1,949 ",525911099
605,Mario Rivera,604,"$6,945 ","$3,518 ",693688890
606,Miss Rhonda Arnold,800,"$6,620 ","$1,706 ",702792214
607,Dr. Arthur Perkins,787,"$11,793 ","$2,018 ",390167495
608,Cynthia Garcia,655,"$9,662 ","$4,603 ",559762058
609,Colin Park,788,"$5,105 ","$4,038 ",469534669
610,Andrew Taylor,737,"$13,442 ","$2,754 ",786449286
611,Tyler Lucas,612,"$6,995 ","$2,575 ",718591587
612,Ronald Peters,765,"$9,464 ","$1,484 ",99821158
613,Brenda Brown,788,"$14,251 ","$2,470 ",198457175
614,David Fuentes,658,"$13,956 ","$3,705 ",98665339
615,Matthew Lee,672,"$8,630 ","$4,030 ",898251049
616,Christopher Jimenez,661,"$6,061 ","$3,122 ",310332483
617,Stephen Garcia,678,"$10,362 ","$1,956 ",168450789
618,Anne Anderson,695,"$12,868 ","$2,174 ",81224224
619,Alexander Curtis,749,"$7,807 ","$1,562 ",33975889
620,Stephanie Turner,603,"$14,062 ","$3,067 ",129133519
621,Natalie Little,683,"$11,012 ","$3,397 ",780832654
622,Christopher Moore,762,"$5,414 ","$4,325 ",504854600
623,Kevin Adkins,633,"$11,481 ","$1,635 ",661226963
624,Rachel Brooks,645,"$13,363 ","$1,313 ",312044758
625,Stephen Krueger,634,"$8,383 ","$4,200 ",340240273
626,Diane Jackson,798,"$13,138 ","$3,332 ",145626595
627,Kelsey Watson,796,"$8,497 ","$1,963 ",732652396
628,Cassandra Franklin,787,"$7,164 ","$4,343 ",739483174
629,Jasmine White,659,"$11,301 ","$2,447 ",370498730
630,Anthony Williams,755,"$14,683 ","$1,542 ",693758769
631,Shelby Gomez,761,"$13,166 ","$4,689 ",658733114
632,Mr. Timothy Johnson,627,"$5,426 ","$3,156 ",465153778
633,Mary Gray,752,"$10,875 ","$3,003 ",472064928
634,Thomas Newton,716,"$10,057 ","$1,051 ",892985290
635,Natalie Chan,656,"$14,101 ","$3,673 ",576019187
636,Danny Meyer,641,"$13,105 ","$4,314 ",692993132
637,Melissa Hughes,788,"$12,879 ","$3,236 ",225610101
638,Joshua Townsend,680,"$6,290 ","$2,061 ",644434030
639,Sarah Thomas,635,"$14,900 ","$2,645 ",341458982
640,Michelle Potts,780,"$8,130 ","$4,365 ",558251563
641,Sarah Perry,681,"$9,779 ","$2,573 ",470993861
642,Sarah Young,615,"$8,418 ","$1,156 ",511484070
643,Amanda Leon,680,"$9,089 ","$2,405 ",426525315
644,Elizabeth Johnson,712,"$8,701 ","$2,065 ",577160931
645,Eric Carrillo,688,"$7,659 ","$2,248 ",746695140
646,James Webster,604,"$10,838 ","$3,349 ",686332324
647,Carolyn Coleman,738,"$5,953 ","$3,999 ",765722647
648,Alyssa Lewis,761,"$7,477 ","$2,447 ",54254589
649,Jessica Phillips,605,"$13,046 ","$3,571 ",400504560
650,Mary Fox,615,"$5,402 ","$1,989 ",117677431
651,Brandon Lynch,611,"$5,203 ","$1,924 ",810218246
652,David Perkins,767,"$10,352 ","$1,272 ",681957535
653,Nathan Ferguson,615,"$10,651 ","$4,981 ",680721029
654,Kathleen Barber,769,"$11,924 ","$1,556 ",451781741
655,Christine Burns,655,"$12,355 ","$2,782 ",415093427
656,Jennifer Martinez,636,"$10,866 ","$2,277 ",325555690
657,Felicia Johnson,645,"$10,387 ","$3,982 ",715094271
658,Ashley Brown,791,"$11,695 ","$2,567 ",419752304
659,David Smith,602,"$11,705 ","$4,649 ",504317593
660,Lisa Mccall,667,"$13,744 ","$3,176 ",273479171
661,Angela Guzman,788,"$12,580 ","$4,109 ",798326008
662,Kyle Russell,610,"$14,252 ","$4,774 ",490888574
663,John Swanson,631,"$11,699 ","$4,907 ",654047742
664,Kimberly Hickman,699,"$7,806 ","$1,012 ",461900989
665,Frank Nunez,728,"$7,264 ","$3,547 ",601183405
666,Carl Tucker,769,"$13,420 ","$4,440 ",499220404
667,Chris Wyatt,787,"$7,427 ","$1,326 ",48552058
668,Elizabeth Mitchell,684,"$8,889 ","$4,441 ",198914511
669,Joseph Ellis,645,"$9,043 ","$4,874 ",895472292
670,Richard Garcia DVM,605,"$7,766 ","$4,042 ",327896899
671,Danielle Elliott,775,"$14,198 ","$1,689 ",877886050
672,Mary Harvey,783,"$6,285 ","$2,749 ",440182588
673,Diane Pittman,753,"$6,698 ","$3,541 ",364815771
674,Paul Garrison,760,"$12,495 ","$3,908 ",764816164
675,Ronald George,638,"$14,862 ","$1,164 ",794087047
676,Ashley Hall,664,"$10,574 ","$4,300 ",130559860
677,Nancy Flores,788,"$11,168 ","$1,111 ",332145720
678,Jerry Hamilton,760,"$5,595 ","$3,033 ",339021922
679,Lindsey Dougherty,622,"$10,871 ","$2,199 ",514434169
680,Mary Carter,771,"$7,470 ","$2,876 ",406080832
681,Timothy Gonzalez,660,"$13,313 ","$2,457 ",737736712
682,Gregory Booth,641,"$11,630 ","$2,382 ",110759428
683,Ryan Kirby,669,"$13,066 ","$4,868 ",649851147
684,Joseph Daniel,700,"$5,242 ","$2,272 ",653482822
685,Melissa Evans,735,"$9,722 ","$3,254 ",586800346
686,Dr. Isabella Quinn MD,720,"$5,572 ","$4,165 ",94623436
687,Bill Jackson,736,"$14,347 ","$3,261 ",244922775
688,Brett Lloyd,667,"$5,627 ","$2,867 ",717509831
689,Julie Allen,701,"$6,966 ","$2,653 ",339384600
690,Gerald Hanson,688,"$13,126 ","$1,209 ",738858759
691,Nicole Collins,605,"$9,473 ","$4,030 ",257276241
692,Caroline Hall,608,"$9,160 ","$3,788 ",679682565
693,Stephanie Lee,774,"$14,535 ","$3,878 ",205461297
694,Janet Walter,798,"$9,747 ","$3,810 ",148097607
695,Katie White,795,"$8,393 ","$4,123 ",566848155
696,David Rios,735,"$13,458 ","$2,393 ",584209909
697,Anthony Heath DDS,698,"$9,106 ","$1,855 ",607344077
698,Brianna Palmer,629,"$14,273 ","$2,349 ",420809703
699,Nathan Kirk,662,"$14,603 ","$3,760 ",708199909
700,Joshua Wells,784,"$13,729 ","$3,790 ",642512805
701,Zachary Steele,690,"$7,663 ","$4,753 ",667344853
702,Heather Olson,639,"$10,417 ","$4,466 ",182574063
703,Stephen Walker,791,"$5,148 ","$3,395 ",500211455
704,Brian Jones,613,"$14,254 ","$1,639 ",223161964
705,Robin Patterson,688,"$10,950 ","$2,192 ",197612843
706,Carol Craig,760,"$9,807 ","$2,323 ",738072935
707,Michael Gallagher,726,"$11,613 ","$3,460 ",541344203
708,Joshua Howell,710,"$7,785 ","$1,004 ",111835132
709,Dominique Patel,636,"$14,315 ","$1,178 ",501950796
710,Angelica Dillon,713,"$7,061 ","$2,398 ",316915856
711,Jennifer Hicks,602,"$12,871 ","$4,726 ",231582809
712,Garrett Black,770,"$9,220 ","$4,060 ",816199749
713,Tammy Christian,756,"$8,074 ","$1,287 ",146160056
714,Michael Lewis,740,"$11,944 ","$2,141 ",303672579
715,Shelby White,644,"$13,675 ","$1,695 ",615190006
716,Kimberly Chang,616,"$7,578 ","$3,374 ",466616526
717,Robert Stewart,628,"$13,256 ","$3,589 ",207905165
718,Danny Ellis,739,"$14,913 ","$2,575 ",691821946
719,Melissa Contreras,793,"$12,121 ","$2,088 ",129661623
720,John Schneider,679,"$9,668 ","$1,055 ",327191627
721,Patricia Hart,709,"$9,594 ","$4,875 ",50888405
722,Susan Edwards,666,"$13,812 ","$3,159 ",306260610
723,Blake Osborne,741,"$10,208 ","$2,401 ",887828451
724,Katrina Hughes,648,"$12,072 ","$4,242 ",607595119
725,Jason Snyder,636,"$5,097 ","$4,072 ",222224952
726,Kenneth Marks,730,"$7,544 ","$4,213 ",485566821
727,Ryan Villanueva,769,"$14,228 ","$2,573 ",94632609
728,Ryan Bradley,692,"$12,604 ","$4,889 ",86602662
729,Joseph Oneal,609,"$14,201 ","$4,737 ",650610656
730,Tina Foster DDS,705,"$8,740 ","$4,685 ",667084879
731,Jeff Garcia,604,"$10,934 ","$3,167 ",783033574
732,Elizabeth Bradley,640,"$8,186 ","$3,584 ",898453534
733,Andrea Lopez,690,"$13,142 ","$1,078 ",792200702
734,Debra Hubbard,787,"$9,082 ","$3,341 ",549208366
735,Michael Deleon,661,"$9,496 ","$1,758 ",804262501
736,Devin Anderson,794,"$11,880 ","$1,319 ",358728640
737,Melissa Taylor,746,"$12,342 ","$1,969 ",855752689
738,Nicholas Marshall,790,"$12,367 ","$4,537 ",636623030
739,Amy Cox,730,"$6,645 ","$4,923 ",614891989
740,Kristy Perez,648,"$7,694 ","$2,804 ",373316429
741,Mark Goodman,616,"$11,991 ","$3,599 ",213774538
742,Michael Thomas,701,"$9,454 ","$2,035 ",237480193
743,Brandi Henderson,711,"$10,835 ","$3,497 ",499985372
744,Kayla Diaz,683,"$6,484 ","$2,257 ",599753874
745,Samuel Carroll Jr.,607,"$13,069 ","$1,044 ",232415719
746,Benjamin Mcdaniel,795,"$9,105 ","$1,830 ",275311155
747,Courtney Fields,795,"$11,519 ","$2,583 ",898503015
748,Connie Madden,711,"$11,377 ","$3,855 ",215720779
749,Craig Pham,609,"$14,546 ","$2,905 ",743884232
750,Patricia Phillips,690,"$14,319 ","$1,519 ",893813848
751,Edward Bowen,744,"$9,560 ","$2,343 ",43841518
752,Erin Hernandez,606,"$11,522 ","$2,940 ",315347608
753,Christopher Moreno,733,"$7,217 ","$1,170 ",600602316
754,Martha Miles,620,"$14,272 ","$4,542 ",148695586
755,Julie Serrano,688,"$10,914 ","$1,018 ",554438707
756,Jessica Snyder,617,"$8,125 ","$3,938 ",629384218
757,Kelly Clark,628,"$13,857 ","$2,929 ",612323058
758,James James,611,"$10,153 ","$4,801 ",7355996
759,Stephen Shepherd,606,"$10,157 ","$2,608 ",889064116
760,Jessica Larsen,632,"$9,506 ","$2,664 ",391057304
761,Cassidy Parsons,771,"$7,328 ","$3,439 ",534346832
762,Brian Woods,637,"$11,622 ","$4,549 ",63457782
763,Shannon Butler,678,"$13,380 ","$1,245 ",742316395
764,Bradley Chang,641,"$7,054 ","$4,657 ",213142618
765,Robert Hamilton,634,"$12,878 ","$3,888 ",855956570
766,Jason Rose,764,"$5,765 ","$3,989 ",456886802
767,Thomas Khan,733,"$5,712 ","$4,373 ",757032321
768,Joe Lee,742,"$11,344 ","$4,889 ",836622150
769,Nicole Schultz,646,"$10,647 ","$4,277 ",474544135
770,Michael Burnett,749,"$6,356 ","$1,330 ",418842088
771,Raven Adams,743,"$7,857 ","$4,331 ",840029786
772,Roger Clark,667,"$8,303 ","$4,277 ",624140793
773,Sandra Thomas,666,"$10,372 ","$3,868 ",214331218
774,Monica Schultz,781,"$9,159 ","$4,204 ",94096761
775,Randy Hughes,666,"$13,477 ","$4,831 ",215103887
776,Ryan Meyer,716,"$7,542 ","$4,099 ",495254771
777,Angel Saunders,714,"$14,055 ","$1,625 ",94206350
778,Jared Howe,609,"$14,592 ","$1,724 ",153132060
779,Melissa Fritz,764,"$13,392 ","$1,138 ",384207491
780,Lori Rocha,793,"$10,178 ","$4,349 ",687070203
781,Wanda Gilbert,618,"$8,160 ","$3,655 ",95534123
782,Robert Walters,716,"$8,911 ","$4,327 ",521135773
783,Alicia Weaver,717,"$13,556 ","$1,652 ",679505420
784,Patricia Knight,781,"$10,466 ","$4,738 ",657328940
785,Kyle Anderson,767,"$7,209 ","$2,951 ",53741087
786,Elizabeth James,797,"$14,108 ","$1,234 ",134423525
787,Victoria Smith,739,"$6,350 ","$4,361 ",498934047
788,Maria Ball,732,"$10,625 ","$1,010 ",317859718
789,Taylor James,798,"$6,310 ","$1,425 ",13313299
790,Albert Jones,709,"$14,953 ","$2,443 ",686954514
791,Michael Flores,745,"$12,398 ","$2,375 ",212673572
792,Joshua Lewis,696,"$13,395 ","$2,482 ",596690448
793,Danielle Dunn,762,"$6,947 ","$1,557 ",602898413
794,Daniel Cole MD,681,"$5,372 ","$1,747 ",85162073
795,Melissa Harmon,787,"$7,049 ","$1,078 ",117486577
796,Kelsey Foster,686,"$14,952 ","$1,791 ",129127790
797,Lisa Jones,611,"$11,780 ","$3,643 ",658407512
798,Erika Finley,615,"$10,099 ","$4,263 ",280489419
799,Jennifer Williams,699,"$5,855 ","$3,459 ",236356400
800,Kathryn Wagner,796,"$7,755 ","$2,465 ",221778434
801,Joan Holmes,619,"$11,688 ","$1,221 ",72588101
802,Lisa Thomas,712,"$10,815 ","$3,474 ",665026254
803,Jeffery Gonzalez,758,"$9,191 ","$3,753 ",247411124
804,Brenda Contreras,679,"$14,219 ","$4,477 ",643331615
805,Denise Potter,716,"$11,753 ","$1,740 ",687501616
806,Angela Smith,607,"$12,433 ","$4,286 ",92185166
807,Nichole Jones,667,"$8,121 ","$4,888 ",808958858
808,Kenneth Kelly,699,"$6,050 ","$2,464 ",445965422
809,Jordan Le MD,624,"$7,021 ","$1,107 ",50324587
810,Rachel Perez,689,"$5,349 ","$1,725 ",786491468
811,Jennifer Tate,703,"$5,223 ","$2,322 ",398565241
812,William Gregory,716,"$14,077 ","$4,055 ",155040048
813,Laura Ortiz,777,"$13,126 ","$2,951 ",764075876
814,Matthew Adkins,620,"$5,847 ","$3,193 ",479394211
815,Mike Myers,702,"$9,296 ","$1,113 ",544336740
816,Stephen Harvey,765,"$13,451 ","$1,392 ",868919723
817,Jennifer Ward,620,"$10,465 ","$2,468 ",345158482
818,Luke Mckinney,625,"$12,723 ","$4,965 ",637865838
819,Paula Baxter,608,"$7,527 ","$4,723 ",623861618
820,Troy Martin,732,"$9,703 ","$4,931 ",101825278
821,Cheryl Herrera,609,"$5,011 ","$2,542 ",673300311
822,Robert Smith,686,"$7,570 ","$4,868 ",53850240
823,Michael Adams,740,"$7,406 ","$1,657 ",100852699
824,Mr. Jonathan Tucker DVM,644,"$7,604 ","$3,621 ",478679038
825,Kevin Tran,774,"$8,974 ","$4,863 ",763507386
826,Robert Foster,759,"$10,378 ","$4,873 ",592034096
827,Jonathon Castillo Jr.,606,"$12,912 ","$4,926 ",608998904
828,William Wilkins,760,"$11,522 ","$1,180 ",824157898
829,Amy White,657,"$8,936 ","$3,603 ",756257076
830,Tina Martinez,672,"$10,383 ","$1,696 ",674076154
831,Jill Weber,660,"$10,768 ","$1,925 ",616301576
832,Jesse Villanueva,641,"$11,893 ","$2,896 ",413090416
833,Brian Jones,693,"$14,263 ","$1,565 ",450906102
834,Lisa Thornton,698,"$14,255 ","$4,157 ",475916264
835,Kristin Fisher,603,"$7,656 ","$4,810 ",552392386
836,Lisa Davis,749,"$5,092 ","$3,813 ",668423336
837,Valerie Case,699,"$7,817 ","$1,609 ",654416304
838,Erik Parker,604,"$5,412 ","$4,375 ",25403126
839,Molly Delgado,682,"$13,357 ","$1,015 ",215318865
840,Sherry Bowen,609,"$5,773 ","$4,183 ",344119349
841,Antonio Garcia,628,"$14,388 ","$3,504 ",225305851
842,Kelsey Paul,637,"$7,509 ","$3,759 ",541391881
843,Dawn Gill,697,"$5,433 ","$2,715 ",511271848
844,Alejandro Banks,711,"$14,306 ","$4,742 ",486658012
845,Lori Higgins,775,"$10,454 ","$3,913 ",631853991
846,Seth Baker,663,"$7,258 ","$2,491 ",94461600
847,Kara Collins,730,"$8,549 ","$3,184 ",768704680
848,Maria James,702,"$6,196 ","$1,531 ",570816050
849,Rodney Sellers,704,"$14,275 ","$3,697 ",723134622
850,Ronald Howell,689,"$6,581 ","$2,767 ",798046402
851,Christian Snyder,711,"$9,024 ","$2,929 ",502761098
852,Shannon Leach,697,"$8,686 ","$4,753 ",587923738
853,Shawn Lee,701,"$8,933 ","$3,643 ",386022039
854,Lisa Gaines,723,"$11,505 ","$4,770 ",240889209
855,April Evans,748,"$6,130 ","$4,422 ",397391883
856,Kristie Lewis,664,"$9,519 ","$4,625 ",868359525
857,Richard Dalton,734,"$11,091 ","$3,221 ",75979084
858,Dana Arnold,605,"$14,896 ","$3,505 ",379334658
859,Breanna Williams,799,"$12,775 ","$4,591 ",454455629
860,Austin Moreno,660,"$9,526 ","$1,165 ",414134130
861,Charles Gray,756,"$10,268 ","$4,552 ",655583023
862,Kathryn Davis,700,"$6,747 ","$3,189 ",688837768
863,Jack Curry,612,"$7,362 ","$3,922 ",882126939
864,Russell Miller,700,"$5,439 ","$4,144 ",403102661
865,Elizabeth Morgan,707,"$11,440 ","$2,773 ",30385663
866,Carolyn Moore,626,"$12,547 ","$3,474 ",891921981
867,Kaitlyn Clarke,718,"$7,644 ","$1,694 ",588197868
868,Joseph Wiley,687,"$12,771 ","$2,683 ",503815991
869,Grace Griffith,640,"$14,669 ","$4,761 ",152079099
870,Karen Gross,672,"$13,250 ","$1,460 ",2994794
871,Daniel Kerr,694,"$10,659 ","$1,584 ",781335132
872,Miguel Dunn,760,"$10,859 ","$4,138 ",692788631
873,Courtney Moses,721,"$13,498 ","$4,086 ",838488231
874,Beverly Bailey,613,"$8,206 ","$4,592 ",804969402
875,Vincent Ferguson,665,"$7,898 ","$3,963 ",778339276
876,Lisa Ingram,749,"$10,319 ","$2,212 ",848493601
877,Benjamin Bowen,697,"$5,679 ","$2,192 ",195463823
878,Eric Campbell,741,"$12,064 ","$1,142 ",593370304
879,Edward King,774,"$11,726 ","$2,102 ",385275861
880,Stephanie Patterson,696,"$8,410 ","$2,420 ",312417493
881,Kimberly Mitchell,634,"$7,165 ","$1,451 ",164370378
882,Dakota Brown,756,"$10,848 ","$1,678 ",348399360
883,Kenneth Torres,607,"$12,054 ","$3,362 ",284405460
884,Mary Lawson,701,"$12,594 ","$1,311 ",663817326
885,Victor Hall,764,"$6,275 ","$4,185 ",418216129
886,Sally Robbins,708,"$13,927 ","$3,974 ",763411370
887,Jorge Curry,741,"$7,265 ","$1,693 ",315708207
888,Danny Hicks,639,"$8,399 ","$1,673 ",353748097
889,Kendra Holmes,658,"$5,486 ","$3,151 ",22360162
890,Robert Smith,634,"$13,078 ","$2,462 ",297590982
891,Joseph Gallagher,759,"$9,719 ","$3,934 ",641154463
892,Lonnie Anderson,685,"$6,941 ","$4,287 ",738319380
893,Michael Conner,704,"$9,288 ","$4,683 ",771100730
894,Brittany Francis,640,"$10,611 ","$3,572 ",745064540
895,Joy Cherry,728,"$10,436 ","$3,183 ",4308460
896,Alexander Rodriguez,777,"$7,368 ","$4,736 ",78963423
897,Andrew Mata,696,"$14,100 ","$2,250 ",414933315
898,Adam Bass,660,"$11,202 ","$2,419 ",334670346
899,Martin Oneill,699,"$12,721 ","$3,095 ",429720707
900,Derek Torres,678,"$11,719 ","$2,664 ",327522894
901,Barbara Harris,625,"$7,523 ","$1,604 ",729166984
902,Peter Gomez,601,"$14,559 ","$3,439 ",685891404
903,Curtis Vazquez,762,"$13,472 ","$1,437 ",531949339
904,Jamie Stewart,778,"$8,357 ","$3,440 ",696413087
905,Warren Lucas,764,"$14,881 ","$3,103 ",560763323
906,Taylor Monroe,628,"$9,369 ","$3,820 ",434732999
907,Jeffrey Wells,787,"$7,762 ","$2,539 ",677537456
908,Mark Wise,621,"$5,590 ","$1,042 ",247480334
909,Julie Moreno,629,"$10,933 ","$4,347 ",639588548
910,Kevin Larsen,784,"$12,875 ","$2,303 ",340556211
911,Jordan Mccormick,627,"$12,415 ","$2,511 ",587860560
912,Devin Case,749,"$9,159 ","$3,730 ",774108760
913,Claudia Cain,724,"$8,747 ","$4,779 ",746093971
914,Courtney Frazier,640,"$14,201 ","$3,259 ",596681762
915,Pamela Morgan,619,"$13,322 ","$4,771 ",562801520
916,Diana Stanton,643,"$5,422 ","$4,389 ",696810043
917,Brian Smith,764,"$7,733 ","$4,598 ",429153946
918,Jason Hall,732,"$11,699 ","$3,491 ",589178488
919,Martin Rojas,769,"$8,409 ","$2,794 ",553776235
920,William Hill,781,"$11,635 ","$2,081 ",288721518
921,Nicholas Hopkins,605,"$14,624 ","$1,549 ",706040390
922,Christopher Moore,699,"$7,807 ","$4,625 ",572815739
923,Andrew Lewis,712,"$14,256 ","$1,219 ",513930446
924,Charles Casey,696,"$6,422 ","$3,638 ",748500349
925,Alicia Kirby DVM,750,"$11,638 ","$2,370 ",150944309
926,George Lewis,659,"$13,303 ","$4,577 ",849614859
927,Rebecca Mcdonald,716,"$5,640 ","$2,965 ",848217330
928,Ronald Williams,758,"$6,667 ","$2,100 ",703065031
929,Laura Wood,729,"$13,032 ","$3,256 ",122271692
930,Laura Walsh,765,"$11,456 ","$2,936 ",510381358
931,Richard Jackson,667,"$7,965 ","$1,941 ",44696219
932,Bradley Gray,738,"$10,969 ","$1,653 ",844582919
933,Peter Burke,677,"$14,975 ","$4,406 ",765712833
934,Andrew Reid,636,"$12,486 ","$1,281 ",118674768
935,Cole Odonnell,617,"$12,833 ","$2,610 ",322869776
936,Virginia Myers,744,"$11,717 ","$3,277 ",83234585
937,Erik Giles,623,"$9,350 ","$2,975 ",826800683
938,Jacob Mason,658,"$6,816 ","$2,215 ",550708566
939,Melinda Hunter,636,"$10,889 ","$4,325 ",725122818
940,Connor Evans,624,"$7,271 ","$3,696 ",491827902
941,Blake Newman,614,"$7,241 ","$3,402 ",17213346
942,Timothy Ward,743,"$8,252 ","$1,028 ",85468495
943,Emily Thomas,608,"$11,624 ","$3,286 ",20930675
944,Alexander Evans,779,"$14,858 ","$3,008 ",690473147
945,Casey Scott,782,"$6,753 ","$4,814 ",207936106
946,Abigail Snyder,721,"$14,167 ","$2,422 ",112078979
947,Charles Decker,799,"$10,620 ","$4,574 ",212902156
948,Joy Palmer,624,"$5,084 ","$1,989 ",80056331
949,Alicia Lee,658,"$13,154 ","$4,434 ",338374799
950,Robert Murray,679,"$9,496 ","$1,920 ",766645386
951,William Young,602,"$13,120 ","$2,453 ",820222245
952,Eugene Anderson,730,"$10,584 ","$1,375 ",749863289
953,Phillip Parker,619,"$9,993 ","$3,349 ",227040157
954,Patricia Andrews,708,"$8,706 ","$4,026 ",317186089
955,Christina Short,694,"$11,244 ","$4,525 ",512751774
956,Jennifer Ryan,794,"$7,383 ","$1,948 ",534170663
957,Sean Parker,673,"$8,265 ","$4,040 ",15426715
958,Matthew Paul,798,"$12,882 ","$3,703 ",341141843
959,Patricia Rojas,800,"$10,884 ","$2,158 ",807635623
960,Jill Lawrence,698,"$7,119 ","$4,404 ",473967703
961,William Miller,799,"$6,957 ","$2,643 ",633168365
962,Larry Mccoy,690,"$13,196 ","$4,557 ",568342412
963,Tammy Avila MD,720,"$8,746 ","$3,687 ",378805421
964,Stacey Hester,781,"$11,126 ","$3,589 ",520604760
965,Justin Schwartz,691,"$12,076 ","$2,136 ",431605329
966,Larry Lewis,691,"$11,567 ","$4,142 ",16723005
967,William Grant,796,"$9,638 ","$4,549 ",851451496
968,Felicia Freeman,626,"$12,859 ","$4,701 ",406736172
969,Chase Adams,674,"$6,976 ","$2,826 ",131359911
970,Frank Patterson,639,"$10,636 ","$4,821 ",640791070
971,Julie Harrington,662,"$8,062 ","$4,807 ",651641019
972,Ronald Gonzalez,686,"$13,180 ","$1,936 ",548136027
973,Tina Harper,628,"$11,289 ","$4,994 ",834396855
974,Erika Daniel,699,"$12,615 ","$3,103 ",356256766
975,Dawn Knight,718,"$14,271 ","$4,393 ",549624640
976,Emily Everett,758,"$8,615 ","$3,767 ",773976622
977,Andrew Day,702,"$13,228 ","$2,274 ",675863846
978,Roberto Bolton,724,"$8,811 ","$2,288 ",823812723
979,Zachary Rangel,732,"$5,026 ","$1,376 ",71968893
980,Samantha Allen,720,"$10,196 ","$2,614 ",142427034
981,Nicholas Martin,658,"$12,067 ","$1,199 ",421271384
982,Frank Patel,747,"$5,662 ","$2,665 ",422256493
983,Kristen Cooley,623,"$9,316 ","$1,820 ",308073949
984,Juan Wright,785,"$10,354 ","$1,731 ",8424833
985,Robert Franklin,628,"$7,962 ","$4,265 ",566769781
986,Antonio Mccormick,778,"$10,966 ","$1,115 ",828793994
987,Mr. Derrick Carter,659,"$5,715 ","$1,033 ",133950751
988,Matthew Hernandez,697,"$13,758 ","$1,018 ",603351717
989,James Ho,633,"$6,908 ","$4,364 ",766180769
990,Joe Reese,754,"$14,926 ","$4,829 ",3632140
991,Richard Reynolds,651,"$6,336 ","$4,035 ",504160736
992,Maria Bentley DVM,719,"$8,239 ","$4,472 ",441673221
993,Luis Bell,600,"$13,523 ","$4,672 ",106345513
994,Mark Dorsey,759,"$11,802 ","$1,273 ",539303579
995,Raven Perez,737,"$7,902 ","$4,792 ",271703078
996,Matthew Marks,659,"$8,718 ","$4,802 ",136796908
997,Christopher Padilla,706,"$11,257 ","$2,944 ",749192010
998,Jillian Kerr,600,"$12,140 ","$1,860 ",546561011
999,Nicholas Baker,697,"$5,674 ","$3,522 ",663802662
1000,Patricia Cole,668,"$5,467 ","$3,387 ",79674129
1001,Jamie Phillips,688,"$11,020 ","$4,387 ",892905980
1002,Jessica Smith,686,"$12,436 ","$3,624 ",525095818
1003,Suzanne Bryant,634,"$14,763 ","$3,117 ",61025666
1004,Darlene Brown,623,"$9,124 ","$4,871 ",238673795
1005,Jessica Snyder,626,"$6,695 ","$2,117 ",484225649
1006,Julie Garcia,606,"$7,324 ","$3,542 ",476043749
1007,Julia Bryant,797,"$7,226 ","$2,552 ",260034439
1008,Joshua Mora,653,"$14,390 ","$4,997 ",547257958
1009,Peter Bradley,768,"$10,235 ","$1,825 ",682108573
1010,Alicia Moore,707,"$13,323 ","$3,049 ",541563917
1011,Danielle Charles,630,"$14,168 ","$1,432 ",472611964
1012,Joshua Welch,777,"$12,776 ","$1,510 ",285595805
1013,Angela Cox,730,"$12,334 ","$2,924 ",2408425
1014,Anthony Williams,645,"$12,453 ","$3,243 ",403820230
1015,Joshua Perry,686,"$7,111 ","$2,704 ",113059050
1016,Brian Stokes,665,"$11,180 ","$1,321 ",207609049
1017,Jody Johnson,744,"$13,281 ","$2,374 ",90858347
1018,Kelly Mitchell,659,"$12,435 ","$2,017 ",124564818
1019,Jamie Vaughn,689,"$12,873 ","$4,175 ",181108660
1020,Samantha Barnes,705,"$5,391 ","$2,830 ",638972578
1021,Michael Davidson,785,"$5,098 ","$3,262 ",383433665
1022,Debbie Golden,703,"$12,308 ","$1,917 ",351833696
1023,Kelly Howell,709,"$8,949 ","$2,037 ",139826943
1024,Julie Snyder,722,"$12,783 ","$1,577 ",646886430
1025,Todd Figueroa,658,"$12,223 ","$2,161 ",368174634
1026,Christopher Franklin,692,"$12,965 ","$3,455 ",35132699
1027,Doris Maddox,638,"$13,558 ","$3,803 ",519757500
1028,Sharon Gonzalez,622,"$8,073 ","$2,228 ",20485981
1029,Gary Hanson,732,"$7,011 ","$4,875 ",635680765
1030,Lindsey Baker,615,"$7,541 ","$2,404 ",726933260
1031,Alexander White,609,"$10,479 ","$4,563 ",319808569
1032,Angela Hanna,759,"$7,627 ","$4,136 ",872353547
1033,Katherine Wilkerson,719,"$11,394 ","$3,776 ",561387522
1034,Jessica Lyons,648,"$11,741 ","$3,032 ",94230772
1035,Jessica Anderson,649,"$7,744 ","$2,601 ",600640089
1036,Shannon Marshall,612,"$10,553 ","$4,635 ",734026672
1037,Amanda Mcgrath,794,"$13,534 ","$1,768 ",266393479
1038,Shelly White,785,"$10,374 ","$1,750 ",231644157
1039,Daniel Adams,732,"$13,892 ","$3,918 ",892872920
1040,Carol Silva,752,"$14,546 ","$2,777 ",617970688
1041,Joshua Reid,638,"$13,084 ","$4,681 ",782220776
1042,Dr. Jeffrey Jordan,769,"$14,350 ","$4,804 ",500188285
1043,Kendra Hunt,654,"$14,798 ","$2,807 ",24119391
1044,Jackie Barrera,608,"$8,980 ","$2,997 ",657915865
1045,Mackenzie Williams,754,"$10,204 ","$3,276 ",394718316
1046,Joshua Carlson,787,"$8,217 ","$1,002 ",890466490
1047,Jordan Park,611,"$6,020 ","$1,549 ",893844716
1048,Shawn Fleming,662,"$12,261 ","$4,580 ",295397997
1049,Lindsey Anderson,772,"$14,993 ","$1,917 ",133525948
1050,Paul Andersen,769,"$6,786 ","$4,530 ",685575906
1051,Marie Gamble,793,"$13,449 ","$2,742 ",223683659
1052,Kenneth Mcconnell,765,"$9,692 ","$4,626 ",736575844
1053,John Hernandez,774,"$10,540 ","$3,021 ",821372742
1054,Shannon Anderson,775,"$8,148 ","$1,668 ",540106045
1055,Brendan Sanchez,695,"$14,131 ","$4,453 ",310010675
1056,Gregory Walsh,691,"$12,178 ","$2,600 ",75529314
1057,Vincent Anderson,712,"$10,202 ","$4,465 ",85894201
1058,Meghan Webb,719,"$6,103 ","$1,600 ",783487623
1059,Jesse Bauer,656,"$6,856 ","$4,078 ",770863480
1060,James Bradford,639,"$11,456 ","$4,894 ",83175323
1061,Carrie Schmidt,718,"$13,857 ","$1,860 ",800714806
1062,Cody Nguyen,694,"$5,763 ","$1,087 ",515041481
1063,Anthony Crawford,703,"$8,396 ","$1,358 ",37665118
1064,Kurt Perez,705,"$14,592 ","$3,333 ",838054629
1065,Nicholas Rhodes,705,"$13,861 ","$1,862 ",116325693
1066,Christine Montes,762,"$5,067 ","$4,934 ",615063703
1067,Russell Burke,771,"$7,234 ","$3,174 ",116074768
1068,Shannon Baker,764,"$13,023 ","$2,264 ",75638539
1069,Bill Jones,697,"$13,911 ","$3,200 ",155116036
1070,Karen Chaney,616,"$6,282 ","$3,477 ",427938384
1071,David Parks,787,"$13,073 ","$4,081 ",20177467
1072,Kristi Mendez,603,"$8,341 ","$2,717 ",97199866
1073,Michael Griffith,757,"$10,898 ","$2,278 ",548543584
1074,Zachary Salazar,621,"$5,380 ","$4,143 ",695322253
1075,David Heath,661,"$5,456 ","$3,408 ",558192653
1076,Ann Nixon,731,"$11,021 ","$1,628 ",386090646
1077,Patricia Munoz,719,"$9,233 ","$1,451 ",184386964
1078,Dillon Stone,751,"$12,326 ","$2,140 ",376631050
1079,Mario Hicks,656,"$11,270 ","$2,573 ",804229582
1080,Jessica Willis,790,"$13,303 ","$4,798 ",499418368
1081,Gregory Smith,686,"$8,740 ","$4,375 ",476194320
1082,Christopher Blackwell,751,"$9,323 ","$4,832 ",439485119
1083,Logan Robinson,622,"$5,721 ","$1,634 ",24465368
1084,Ashley Ochoa,680,"$14,571 ","$3,308 ",24866735
1085,Tyler Lewis,724,"$6,037 ","$4,912 ",565607864
1086,Justin Callahan,734,"$12,855 ","$2,780 ",587324111
1087,Steven Mitchell,681,"$11,316 ","$3,986 ",471714987
1088,Mr. Anthony Harris,606,"$6,910 ","$2,778 ",257877534
1089,Timothy Galloway,755,"$7,188 ","$4,119 ",553412004
1090,Amber Garcia,636,"$5,509 ","$1,487 ",435499116
1091,Kyle Morris,780,"$12,041 ","$2,015 ",264849108
1092,Gary Knight,608,"$9,456 ","$2,082 ",80961695
1093,Ms. Audrey Frank DDS,698,"$6,891 ","$2,408 ",193034493
1094,Jennifer Hill,674,"$11,123 ","$3,523 ",260877533
1095,Nancy Barnes,763,"$8,105 ","$4,051 ",556343801
1096,Eric Huber,738,"$13,878 ","$1,244 ",748120770
1097,Ryan Gonzalez,686,"$13,444 ","$3,261 ",568127118
1098,Christy West,603,"$7,644 ","$4,719 ",518616471
1099,Kevin Simmons,726,"$5,359 ","$3,609 ",16476669
1100,Jeffrey Garcia,666,"$10,432 ","$1,563 ",456893708
1101,William Clark,688,"$6,627 ","$3,512 ",819162742
1102,Edward Lucero,743,"$11,842 ","$4,912 ",509919777
1103,Gina Johnson,794,"$6,108 ","$2,030 ",371315587
1104,Jessica Baker,746,"$6,707 ","$3,132 ",398896049
1105,Rachel Parker,619,"$14,604 ","$1,525 ",381919492
1106,Julian Lopez,724,"$5,567 ","$3,130 ",565815459
1107,Jeremy Ford,800,"$8,660 ","$2,422 ",149981696
1108,Marvin Abbott,624,"$14,138 ","$4,425 ",232292681
1109,Pam Young,781,"$8,554 ","$1,725 ",730474003
1110,Charles Nelson,777,"$8,770 ","$2,634 ",564541891
1111,James Jackson,651,"$14,974 ","$3,860 ",608974554
1112,Colin Hoover DVM,790,"$12,192 ","$2,427 ",669459142
1113,Luis Wiley,640,"$9,410 ","$3,952 ",44841829
1114,Jason Gonzalez,689,"$13,966 ","$4,490 ",401348757
1115,Jenna Ramirez,651,"$8,540 ","$2,907 ",898891246
1116,Brenda Tucker,680,"$7,104 ","$2,133 ",540921269
1117,Robert Bush,743,"$5,007 ","$1,341 ",16072893
1118,Kelly Lane,769,"$10,375 ","$2,263 ",385992559
1119,Ashley Hernandez,780,"$10,296 ","$1,143 ",1637682
1120,Daniel Cole,621,"$5,231 ","$2,197 ",309438173
1121,Jared Kane,629,"$7,727 ","$3,915 ",784577360
1122,Ashley Oconnor,670,"$8,299 ","$3,100 ",257550793
1123,Christian Jenkins,741,"$10,674 ","$4,543 ",121247385
1124,Jeffrey Wright,714,"$6,456 ","$2,698 ",46173231
1125,Dr. Robert Mercado MD,728,"$13,714 ","$4,405 ",5551932
1126,Jordan Taylor,704,"$7,010 ","$1,329 ",797589082
1127,Tammy Johnson,751,"$12,585 ","$2,327 ",205860545
1128,Kathleen Waller,644,"$9,858 ","$1,987 ",142446393
1129,Richard Blake,760,"$12,159 ","$3,759 ",258148167
1130,Charlene Burgess,778,"$9,697 ","$1,128 ",554920253
1131,Paul Barnett,605,"$5,134 ","$3,615 ",15331102
1132,Jose Parks,668,"$6,248 ","$4,567 ",763382419
1133,Marcus Benitez,769,"$10,130 ","$2,298 ",124200550
1134,Lisa Park,740,"$9,709 ","$1,198 ",324215072
1135,David Sawyer,800,"$9,076 ","$4,479 ",49798457
1136,Katrina Meyer,777,"$13,464 ","$1,573 ",367855139
1137,Richard Lambert,666,"$14,783 ","$1,229 ",873873002
1138,Mrs. Lindsey Jackson,699,"$11,858 ","$2,150 ",751142794
1139,Rebecca Weaver,749,"$8,693 ","$2,038 ",4813259
1140,Eric Richards,680,"$13,729 ","$3,004 ",307879770
1141,Jonathon Waller,714,"$7,013 ","$2,735 ",213677501
1142,Kenneth Peters,695,"$7,777 ","$3,132 ",303336364
1143,Michael Perkins,613,"$8,784 ","$3,892 ",109701343
1144,Catherine Hunt,722,"$11,286 ","$1,125 ",174140082
1145,Shelby Turner,661,"$6,328 ","$2,262 ",678743830
1146,Christopher Williams,625,"$7,992 ","$4,703 ",471263968
1147,Nancy Snyder,632,"$12,170 ","$1,062 ",595131346
1148,Jacob Wells,792,"$10,933 ","$3,152 ",335387157
1149,Joseph Cardenas,705,"$7,040 ","$3,159 ",221299840
1150,Brandy Nguyen,663,"$13,189 ","$2,153 ",28741641
1151,Patrick Chapman,668,"$11,622 ","$2,767 ",737900405
1152,Patrick Peterson,720,"$5,956 ","$1,672 ",596523179
1153,Jay Curry,781,"$13,589 ","$2,463 ",369227577
1154,Alexis Bell,651,"$9,083 ","$1,619 ",231164719
1155,Joshua Ellison,656,"$9,928 ","$4,231 ",193792991
1156,Matthew Martinez,637,"$8,052 ","$3,259 ",280243285
1157,Peter Serrano,664,"$13,915 ","$1,111 ",392797055
1158,Charles Pearson,646,"$8,811 ","$4,539 ",13966693
1159,Ryan Stewart,784,"$11,838 ","$4,789 ",590713258
1160,Stephen Flores,780,"$7,569 ","$1,996 ",321713993
1161,Ronald Johnson,794,"$14,174 ","$1,527 ",26743980
1162,Angela Montoya,748,"$7,752 ","$4,051 ",571363353
1163,Elizabeth Mclaughlin,663,"$13,585 ","$4,170 ",121032236
1164,Christopher Rogers,676,"$5,344 ","$3,957 ",685015972
1165,Marcia Cohen,717,"$8,273 ","$1,255 ",678301790
1166,Jon Matthews,705,"$7,749 ","$2,560 ",27858245
1167,Elizabeth Wolfe,729,"$11,355 ","$1,870 ",896166089
1168,Jonathan Miranda,698,"$13,736 ","$3,155 ",356461899
1169,Stephanie Harmon,726,"$6,688 ","$1,519 ",598148843
1170,Mary King,622,"$13,729 ","$1,047 ",256208237
1171,Jordan Patterson,620,"$5,172 ","$4,938 ",577988090
1172,Nicole Cook,791,"$8,981 ","$4,054 ",311385597
1173,Larry Miller,701,"$12,379 ","$3,761 ",336205833
1174,Dawn Meyer,670,"$11,757 ","$4,985 ",129219085
1175,Ashley Woodard,688,"$11,492 ","$2,057 ",744241384
1176,Patricia Vasquez,785,"$6,255 ","$4,655 ",188890622
1177,Dr. Laura Gordon,795,"$7,584 ","$3,400 ",531927080
1178,Austin Long,662,"$8,438 ","$4,514 ",457046994
1179,Lawrence Vasquez,611,"$5,879 ","$3,094 ",637616500
1180,Steven Brown,617,"$12,311 ","$2,019 ",713732696
1181,Derek Barnes,715,"$7,203 ","$3,456 ",677466578
1182,Robert Johnson,760,"$13,350 ","$2,184 ",41502098
1183,Sue Lyons,603,"$14,803 ","$1,605 ",400118512
1184,Alexandra Jordan,689,"$10,865 ","$2,503 ",301099500
1185,Gregory Burch,676,"$13,220 ","$3,628 ",440918168
1186,Christina Ford,776,"$9,153 ","$1,547 ",330246793
1187,Jason Quinn,605,"$12,855 ","$4,305 ",406633553
1188,Ronald Schwartz,787,"$8,270 ","$3,492 ",492919075
1189,Alexander Brown,701,"$10,560 ","$2,939 ",717268410
1190,Brenda Schneider,677,"$12,215 ","$1,570 ",449484688
1191,Danielle Aguirre,721,"$9,848 ","$4,840 ",358473941
1192,Spencer King,779,"$10,437 ","$2,429 ",753538853
1193,Anthony Dixon,763,"$14,881 ","$2,559 ",621712670
1194,Dean Price,701,"$14,482 ","$2,643 ",435329555
1195,Randy Spencer,778,"$13,216 ","$2,220 ",554753639
1196,Wayne Russell,772,"$14,252 ","$4,454 ",33216507
1197,Wendy Kemp,660,"$8,093 ","$2,766 ",297356835
1198,Kayla Ayala,655,"$9,344 ","$3,106 ",295267352
1199,Katherine Hernandez,642,"$13,350 ","$1,574 ",146721365
1200,Christopher Edwards,752,"$13,476 ","$4,098 ",725948912
