Customer ID,Customer Name ,Address,Phone Number,SSN
101,Michael Hunterr,"9115 Hendricks Wall
New Meganside, MP 68938",661.923.4168x02753,681516394
102,Kevin,"PSC 1969, Box 7516
APO AE 75166",+1-893-342-9859x743,427378963
103,Emmy Kinng,"415 Washington Curve
Lake Cheryl, PA 42125",760-971-0604x225,325521435
104,Ms. Elizabeth Huntar,"914 Stephen Road Suite 464
North Mariahchester, GU 42067",(401)605-4912,840269661
105,Laura Pierce,"00207 Joel Landing Suite 636
South Kimberlyview, WY 97759",001-965-395-2767x35364,440150217
106,Christopher Sanchez,"52748 Elizabeth Forks
Lake Tyronetown, AL 63803",001-750-651-4634x303,560519977
107,krystal Walsh,"4449 Michael Gardens Suite 096
Morganfort, DC 18594",+1-621-858-0780x547,774028999
108,Sean Leeh,"9420 Sampson Freeway
New Emilyton, MS 07717",+1-458-526-9361x6532,771104079
109,Mr. Richard Rivers ,"585 Lisa Mountain Suite 556
Patriciaburgh, SD 88734",(205)708-5122,279810911
110,Erick Pineda,"68390 Connie Manor Suite 577
Jacobberg, GA 88340",700-328-2655x38166,317316417
111,Anthony Robertson,"368 Hall Rue Suite 966
Hernandezbury, GU 94678",(559)686-5722,664319054
112,Paige Tailor,"58298 Cline Shores
Amandaland, AK 05265",(836)800-7590x1900,853391216
113,Daniel Fields,"374 Judy Throughway
Kevinburgh, KY 50520",001-673-266-9721,864321416
114,James Stephenson,"5241 Gray Well Suite 875
Jessicahaven, MD 51410",(572)967-4423x3096,272247411
115,Justin Dunn,"38676 Jacob Falls
Yeseniafurt, GU 26990",341-997-4064,687884927
116,Emily Scott,"0841 Price Burgs
New Jefferyville, OK 69600",768.915.8919x98861,520345111
117,Mason Kraimer,"64443 Susan Motorway
East Ashleyborough, SD 67994",876.746.1398x44579,619651717
118,Joshua Perez,"7192 Wayne Dam Apt. 133
South Mark, PW 25267",200-441-0920,439390923
119,Joshua Shwartz,"983 Andrew Locks
West Walter, UT 72540",4274897848,725866944
120,Andrew Mogan,"6425 Scott Manor Apt. 729
Lake Julieshire, MN 99645",+1-960-988-5290x159,163416426
121,Jenna Larrsen,"979 Bradshaw Crescent
Vickiville, MP 07783",9102144032,725917084
122,Daniel Sanders,"876 Timothy Shore
Amandaside, PW 02846",487-407-7212x78964,598452919
123,Marie French,"66669 Cruz Lights
New Victoria, IN 64004",-2856,861244269
124,Sarah Ferell,"143 Debra Island Suite 958
North John, MP 26758",(543)644-1197x23763,748946718
125,Kimberly Jefferson MD,"5999 Aaron Oval Apt. 518
Chelseahaven, SC 17572",001-470-559-5123x7410,862796930
126,Jeffrey Sherman,"520 Hopkins Landing
West Brandonhaven, HI 66614",4332512948,732164629
127,Jacob Delgado,"USNS Alvarez
FPO AP 50760",001-997-586-9367x028,293335375
128,Lawrence Leeh,"Unit 1323 Box 7376
DPO AP 23088",001-636-887-8311x02519,797240602
129,Lauren Wilson,"87875 Tiffany Ville Apt. 063
North Sarahshire, MO 59555",387-664-4173,13503699
130,Savanah Williams,"09017 Johnson Dale
Nicolemouth, GU 35123",7883451527,757837553
131,Tonya Owens DDS,"1545 Kristi Knolls
Brandonmouth, IL 63740",(884)299-9307,793887748
132,Jonathan Smith,"02778 Wanda Valleys
Codyville, RI 44698",558-894-3443x69215,351985739
133,Melissa Graham,"851 Natasha Locks Apt. 772
Carlmouth, AR 20591",645.408.0171x862,517186398
134,Robert Poole,"1648 Hannah Isle
West James, AR 32120",605-278-3322x9778,515322796
135,Sheena Bailey,"217 David Creek Suite 973
Colemanland, VA 26566",471-832-2521x51206,819585593
136,Luis Martin,"4969 Young Trail Apt. 310
Hoganfurt, WY 22118",4756314081,718193822
137,Peter Duffy,"489 Palmer Haven Suite 355
West Brian, MS 68334",+1-412-693-7175x223,731150403
138,Stacey James,"766 Nicole Fords Apt. 896
Port Shelby, IN 44868",486-447-6795x2491,821347166
139,Alexander Peterson,"53328 Katrina Creek Apt. 214
New Vanessa, UT 59807",692-333-8793,753727746
140,Mike Henderson,"Unit 3400 Box 9072
DPO AE 91069",+1-875-775-3004x624,101805565
141,Jason Reyes,"507 Amanda Springs
Lake Mariafort, IA 11028",001-207-606-7250x3030,410732948
142,Holly Murphy,"069 Phillips Pines Suite 767
North Jennifer, NC 81977",001-855-547-2671x9766,164641572
143,Daniel Lee,"903 Bender Point
Port Johnmouth, NV 80288",001-448-771-7198x93415,386979842
144,Jamie Smith,"433 Jared Mills
Deckermouth, MD 24442",(483)574-8710x691,38654632
145,Bethany Knox,"USNV Johnson
FPO AA 63670",(364)296-1275,892497605
146,Erin Rodriguez,"Unit 4718 Box 2948
DPO AP 80254",788.488.7581,79605046
147,Elizabeth Mullen,"PSC 9391, Box 1286
APO AE 70130",001-504-226-1474x981,665391874
148,Michael Duke,"167 Edwards Rest
Rebeccaberg, CA 73820",(244)627-6624x4588,641557743
149,Samantha Stevens,"Unit 7497 Box 7692
DPO AP 46189",327-403-8057x3470,639589706
150,Michael Mcdowell,"69243 Payne Village
Currymouth, IL 79943",(753)823-3866,417097957
151,Lori Nguyen,"6207 Parker Place Suite 749
South Christopherberg, AL 09656",001-395-376-9968x65728,194769565
152,Veronica Campbell,"430 Jimenez Pass
New Katherineside, NE 51521",+1-952-694-2407x272,872445997
153,Cynthia Chavez,"USS Porter
FPO AE 86214",489.882.2035x16980,743659608
154,Anna Silva,"5001 Victoria River
Lake Terriport, AS 01981",208.686.8701x5150,466195290
155,Jared Jones,"33409 Baldwin Lane
South Wandafort, MN 03954",801-960-2011x60617,759479636
156,Mrs. Taylor Jones,"03256 Barajas Prairie
East Amyfort, AL 50013",763-424-2978x42672,87507959
157,Kathy Adkins,"109 Cooper Locks
East Davidview, PW 93208",(406)803-8457,738519432
158,Evelyn Strickland,"3609 Danny Locks Suite 154
New Joshuaborough, ID 05331",(747)792-3382,708219014
159,Dr. Wayne Johnson Jr.,"417 Pierce Harbor
Angieport, CO 03698",+1-806-371-1065x7608,33383961
160,Danny Montgomery,"93887 Fisher Ford
Carolynburgh, WV 84341",735-705-3420x614,716237449
161,Christina Anderson,"15006 Doris Alley
North Jonathanchester, MH 54026",-6135,429869379
162,Justin Webster,"32923 Reeves Plaza
Mitchellville, GU 19666",474-260-5277x41565,216309142
163,Sandra Smith,"PSC 6398, Box 1071
APO AE 90617",001-252-277-7276x36936,489027899
164,Juan Harvey,"18986 Hicks Terrace
Karamouth, CO 74345",554-564-9262x897,98427600
165,Ashley Walker,"181 Edwin Summit Suite 708
Brownview, IA 65891",-3591,357870290
166,Mary Hutchinson,"827 Smith Rue
Paynefort, NY 94428",743.676.6804x93690,7086386
167,Jonathan Mcdonald,"USCGC Cooper
FPO AP 98271",580.774.0117,379411440
168,Daniel Barber,"270 Jennifer Vista
Christopherchester, MP 96122",415-650-4701x31259,161574320
169,Daniel Mueller,"34139 Gutierrez Mission
Amandabury, WI 60615",001-585-658-8451x6557,184704479
170,Kyle Shaw,"426 Pittman Ways
Walkerfurt, MH 83815",(246)262-8203,489836917
171,Sherri Price,"846 Mckinney Squares
Jamesfurt, HI 60284",481.844.5564,625662279
172,Stephanie Malone,"1702 Adam Port Apt. 057
Douglasport, PA 86914",744-853-7849x0931,202380852
173,Crystal Rios,"733 Kirk Mountains
West Angela, ND 62297",+1-312-842-2368x0134,100240776
174,Brian Logan Jr.,"1810 Arnold Dale Suite 403
Michelleside, DE 68665",614.582.0048x4876,568689769
175,Aaron Allen,"63969 Barnes Key Apt. 253
Lake Brian, MH 73917",574-950-2274,341132614
176,Laura Adams,"Unit 6115 Box 9684
DPO AE 18081",7042646398,471631682
177,Daniel Beard,"7318 Richardson Lights
Jacksonhaven, DC 79382",676.218.2897x877,505138718
178,Johnny Miles,"3409 Mcpherson Parks
North Craigmouth, NE 11766",5845662289,815637893
179,Shawn Miranda,"5324 Aguilar Ford
West Richard, AZ 75849",(772)618-5759x295,691732785
180,Anthony Lang,"7617 John Underpass
Lopezside, DE 07491",763-793-7786,317238446
181,Timothy Mendez,"646 Taylor Springs Suite 061
North Rebecca, MH 04052",+1-597-694-8262x0730,413559666
182,Kimberly Hudson,"48895 Courtney Oval
Port Mariaberg, PW 13505",259.840.7988x63658,835441096
183,Stephen Bennett,"74730 Brian Villages
Stricklandshire, IL 66003",343.441.7263x9469,705648591
184,Charles Allison,"79791 Philip Via
New Ashleystad, CO 40707",001-866-842-1836x00269,289141295
185,Alan Kirby,"029 Amy Isle
Saraland, PW 80952",613.352.4965x5169,729230439
186,Joshua Keller,"348 Herrera Center Suite 071
North Lisa, MT 69003",+1-218-911-3789x9819,502973036
187,Mckenzie Burnett MD,"03218 Priscilla Streets Apt. 559
Wadeberg, GA 20053",544.889.4758x0258,856367165
188,Monique Jackson,"626 Jason Ports Suite 130
Millerberg, DC 19671",001-793-614-4139x7869,691478598
189,Lisa Olson,"23457 Ramirez Viaduct
Ramoshaven, MT 82454",(371)958-9440x52809,506571747
190,Joseph Swanson,"524 Sullivan Cape Suite 326
New Adam, AR 39396",289-951-0220x5380,178875656
191,Dr. Anne Martin,"4045 Jennifer River Suite 324
Hallstad, VA 49234",(848)546-0383,632209290
192,Kathryn Lang,"507 Jacobson Mills Apt. 281
Wardview, ME 24010",625-641-1314,828749316
193,David Navarro,"94110 Richardson Brooks
Port Edwardside, WI 12522",966.943.2062,872295782
194,James Young,"10971 Courtney Branch Suite 020
East Vanessaland, AS 02312",683-791-0931x69158,56834982
195,Valerie Hall,"9298 Karen Roads Suite 994
Sarahport, MN 35406",206-899-7200x45099,213157384
196,Jason Becker,"351 Herring Locks Apt. 237
Port Davidmouth, FM 09944",7242834138,748074956
197,Michael Jenkins,"96609 Philip Falls
North Kristy, AK 39854",+1-238-929-9989x201,524291529
198,James Bailey,"67878 Chelsea Motorway Suite 592
Petermouth, VI 85532",392-756-7084,85370049
199,Derek Guerrero,"5199 Elizabeth Cliffs
Thompsonbury, VA 87133",+1-252-473-2668x1239,494557545
200,Joseph Abbott,"89216 Todd Inlet
Dillonhaven, KS 77498",500.827.8832x238,618959218
201,Mr. David Perkins,"942 John Fall
South Scottmouth, ID 96761",(361)978-9588,186965810
202,Brittany Choi,"345 Dickerson Knoll
Alyssaland, SC 10320",360-639-6711,116513188
203,Benjamin Koch,"810 Lisa Ville
West Sarahstad, TN 28063",001-256-326-4904x3936,796965912
204,Tyler Carter,"4127 Porter Fort Suite 540
East Brianmouth, WV 10551",866.265.9604,720435639
205,Richard Bush,"817 Flores Knoll
East Melissa, AZ 35312",001-938-600-8529x697,411768382
206,Megan Moyer,"9287 Chelsea Canyon Suite 170
Jessemouth, GA 45595",(338)645-7441,585535257
207,Melody Fry,"817 Johnson Forges
New Robertville, ID 34482",001-833-635-0553x574,893316199
208,Justin Young,"8128 Virginia Mission
West Maurice, AS 17873",748.237.2474x096,817420009
209,Kathryn Crawford,"39625 Taylor Coves Apt. 387
Baldwinland, DC 54392",001-685-652-7409,314979501
210,Matthew Wright,"3875 Everett Summit Apt. 449
Lake Steven, PW 07856",-7687,554591849
211,Travis Carter,"72717 Michael Center
Lake Susanmouth, MO 19448",292-220-6220,384447703
212,Raymond Martin,"204 Raymond Rapid Suite 142
Taylormouth, NJ 66106",254.379.9365,238085797
213,Jeffery Robinson,"621 Robert View Suite 108
Dianaborough, CO 08966",+1-295-953-8077x256,874529420
214,Casey Stone,"113 Debra Manor
Port Carly, RI 41908",+1-352-363-8497x34485,648677196
215,Jeremy Harris,"96036 Olson Roads
Katherinefurt, FM 46264",4047281995,437541691
216,Angela Hernandez,"467 John Ridges
Buchananmouth, PA 97184",-4329,648754443
217,Matthew Harrison,"652 Moss Plaza
Vincentburgh, AK 89201",(718)813-5458x1690,560156746
218,Samantha Chandler,"5358 Villanueva Locks Apt. 422
Whiteview, NY 86743",(450)922-4146,825791581
219,Teresa Carroll,"094 Peter Plains
Byrdmouth, MS 89033",001-995-251-0004x94161,748644224
220,Brian Francis,"3890 Steven Road
South Anthony, NM 78857",(723)404-7751x4663,516772488
221,Michelle Norris,"2715 Heather Springs Suite 751
North Jessica, PR 95666",774-277-5658x4859,835139826
222,Michelle Park,"4354 Joseph Hollow Apt. 542
Smithburgh, MS 84929",(966)752-1506x9505,3742682
223,Nicholas Smith,"1343 Ford Motorway Suite 258
Vincentburgh, AR 23042",001-206-752-0152,339261487
224,John Miller,"9721 Lisa Shore Apt. 033
Nancybury, MI 88866",(399)514-3936x688,138940919
225,Ashley Snyder,"24266 Mata Stravenue
Iantown, VI 59694",865-616-7703,455502492
226,Vanessa Davis,"Unit 8996 Box 6356
DPO AE 10388",001-586-526-4391x103,159701888
227,Patricia Scott,"61279 Richard Circle Suite 114
East Lisa, AS 51389",(521)376-8737,358452571
228,Mary Romero,"811 Stanley Place Apt. 945
North Courtney, MP 27019",+1-749-394-9285x847,504640403
229,Michael Archer,"12015 Daniel Underpass Apt. 954
Michaelport, OH 30021",(364)348-9621x505,497294569
230,Jenny Rodriguez,"857 Adkins Springs
Lewismouth, NJ 82990",752-704-2121,803753488
231,Jonathan Herrera,"USNV Nelson
FPO AE 24836",953.605.8354x989,240846759
232,Alexander Oliver,"58013 Nathan Avenue Apt. 555
Kellyview, MP 95232",(368)329-9227,233947914
233,Jason Miller,"13696 Jeffery Brook
Taylorberg, CO 22093",+1-453-594-3086x43524,870940743
234,Amy Underwood,"6325 Danny Villages
Dennischester, MP 41221",9816565350,465297736
235,Amanda Ross,"5996 Willis Extensions Apt. 696
Port Aliciatown, NY 45084",5289963046,679963811
236,Joan Lawrence,"6242 Duncan Square
Hillmouth, VI 68488",(774)613-3878x173,759724753
237,Rebecca Thomas,"5793 Emily Valley Apt. 218
Woodsside, IL 69154",001-245-340-5251x72750,807719771
238,Anthony Jordan,"377 Wiley Shoal
West Amandashire, VA 63585",(225)201-6097,74907184
239,Ashley Caldwell,"753 Smith Field
Deborahside, RI 29545",881.887.7083,481791403
240,Gregory Taylor,"1002 Perkins Turnpike
Walkertown, NJ 86300",9428308801,407419462
241,Jesse Ruiz,"523 Greene Rapids Suite 895
Port Elizabethtown, GU 41640",(661)307-4440,692872839
242,Jessica Thompson,"09524 Grant Stream Suite 945
Baileybury, MS 41862",(213)781-0417x37490,711612714
243,Carrie Ford,"331 Daniel Corners
New Rebecca, OK 65952",(499)461-8309x611,437817455
244,Carrie Hahn,"6191 Angela Summit
Port Joseph, NM 72063",6047200542,801465350
245,Michelle Harper MD,"069 Timothy Parkways
Rodriguezmouth, NY 42140",776.830.5929x4541,503427888
246,Jose Diaz,"PSC 6662, Box 4329
APO AE 30858",-5377,370807861
247,Stacy Lutz,"91603 Cline Route Apt. 970
Davisfurt, DE 41287",749-249-3237,873341829
248,Ryan Curtis,"754 Kimberly Squares
Jenningstown, TN 80832",001-484-668-6939x4759,755802918
249,Claire Fletcher,"723 Mcdowell Ferry Apt. 492
Simpsontown, IL 84412",7995116795,502820125
250,Christopher Fletcher,"67606 John Mountains
Port Brittany, OH 12488",4599691411,889027654
251,Danielle Christensen,"317 Martin Row
Arnoldfort, NC 03736",+1-273-938-2688x890,550544096
252,Joan Sanchez,"9052 Amy Lock
Garzaside, RI 82018",(670)516-0892,360241507
253,Ashley English,"Unit 2292 Box 3386
DPO AA 40091",594.533.9017x287,64852988
254,Linda Hardy,"PSC 4179, Box 0728
APO AE 77996",(441)914-0698x21696,891601639
255,Allison Young,"3896 Samantha Land Suite 290
Steveport, CO 97591",7338162252,772129517
256,Nathan Munoz,"862 Fisher Heights Suite 170
Crystalmouth, TN 65147",398.385.1380x5762,486760324
257,Vernon Pace,"73679 King Mountain
Ronniefort, FL 66528",(686)837-8098x77818,719988047
258,Christopher Carter,"9716 George Cliff
Port Justin, NE 89411",425-426-8855x5808,139985864
259,Jillian Nash,"632 Bennett Motorway Suite 248
Lake Kevin, NM 43095",+1-352-545-6548x892,12976312
260,Kristy Clark,"86688 Daniel Underpass Apt. 459
North Aaronton, MP 97677",972-233-3850x43590,217866873
261,Michele Santos,"6556 Tucker Heights Suite 556
Lake Colleenport, IA 08380",857.781.8583x334,677783626
262,Sandra Carter,"Unit 4213 Box 3942
DPO AP 33366",-4004,708703674
263,John Montes,"122 Johnson Extensions
Lake Melissaborough, IN 89064",(628)334-1153x003,247711144
264,Brianna Santiago,"081 Duncan Lake
Griffinshire, IN 82184",239-823-3764x20251,363984276
265,Evan Russell,"972 Lopez Ramp
Drakeland, MA 41115",+1-338-637-2293x145,377854599
266,David Pearson,"79116 Young Burg
Bergstad, NY 03899",+1-936-650-7960x7618,176527516
267,Sandra Brown,"918 Barbara Road Suite 306
Sullivanside, NC 38471",+1-510-905-9592x97064,531789920
268,Julie Hughes,"013 Mendoza Courts
North Michaelburgh, KS 05184",228.501.7244x2089,348965311
269,Brenda Garcia,"3918 Weeks Prairie Apt. 131
Whitneyview, NY 97248",653.309.6451,422875018
270,Brian Wilson,"845 Bowman Dam
South Jerryshire, NC 88931",001-809-922-5796x13227,175748791
271,Joshua Moore,"4372 Sandoval Run
Port Nicholas, MI 72606",201-714-5188x37002,6437528
272,Philip Moyer,"USCGC Gutierrez
FPO AP 57100",+1-474-645-6212x01836,721400793
273,Connie Keith,"Unit 2284 Box 9885
DPO AP 93367",551.504.9199,262483883
274,Shannon Peterson,"424 Curtis Spurs Suite 797
Hallchester, CO 93867",001-688-694-1481x704,585457278
275,Mrs. Gabrielle Cohen DDS,"77628 Dawson Brooks
Paulberg, SC 79419",(719)834-2926,7259034
276,Sheryl Livingston PhD,"518 Holmes Inlet
Michaelborough, SD 22306",001-904-631-0669x8530,425411874
277,Jamie Knapp,"89122 Huff Forks Apt. 473
North Colin, MA 65356",(302)686-3217x222,516494827
278,Katelyn Lee,"PSC 9896, Box 5599
APO AA 22873",+1-356-262-2826x6131,254887317
279,Nicholas Wallace,"74445 Donald Springs
North Harold, SD 70104",001-508-212-0377x61588,647968206
280,Jonathan Morgan,"760 Martin Rapid
Lake Valerie, NH 92192",845-514-9483,324882992
281,Allison Nelson,"23437 Williams Drives Suite 303
New Larryburgh, AK 14266",+1-946-302-4489x99490,417687669
282,Jenna Barton,"5722 Conley Summit
North Pamelaberg, TN 01956",(313)787-4872,401206441
283,Sara Sullivan,"759 Hughes Crossing Apt. 642
West Yolanda, MN 03573",+1-949-660-3581x133,884093559
284,Tyler Thompson,"118 Brock Shoal
Lewisfort, AZ 23015",001-863-376-8170x5068,286814515
285,Brett Mills,"99866 Anthony Club Apt. 317
Victoriafurt, NM 95352",2136271028,705110019
286,Jaclyn Dixon,"2239 Troy Ferry Suite 454
New Megan, ME 77316",(408)862-7918,742426654
287,Kevin Harding,"1078 Jessica Falls Apt. 598
New Barbara, NC 91287",503.401.6277x3774,234112456
288,Jamie Roberts,"9628 Matthew Burgs Suite 676
Hardyside, NJ 86754",575-634-2343,386992147
289,Danielle Mclaughlin,"8784 Angela Burg
West David, FM 40967",266-371-1674,253543606
290,Janet Nunez,"87279 Lin Vista
Reneeshire, VT 82248",792-593-5807x9848,391388374
291,Amanda White,"7333 Turner Villages Apt. 392
West Donald, KY 14076",001-328-508-5520,780867591
292,Leonard Williams,"7007 Julie Shores Apt. 373
Whitakermouth, MA 95859",613.992.6680,535599276
293,Kathryn Sharp,"89670 Vasquez Lights Suite 766
Ericchester, DE 31957",(406)583-0836x35782,628052776
294,Nicholas Miller,"36644 Jesse Grove
Petersonchester, WV 97977",359.869.6067,487202467
295,William Lindsey,"75859 Helen Station
Lake Maryville, LA 86254",550-987-5593,625499199
296,Katelyn Mason,"7190 Moran Trace
Piercestad, SD 06409",283-495-0165x03597,883972614
297,Charlene Smith,"7956 Vaughn Prairie
North Melissa, WV 82724",001-591-250-3783x392,275192624
298,Jamie Dean,"117 Stacy Village
West Ruth, OR 25817",001-477-301-8424,44232928
299,Lori Coleman,"372 Anthony Corner
Jonesville, TX 37775",+1-817-303-7742x320,622595132
300,Samantha Hamilton,"836 Poole Alley
Josephfurt, DE 49233",(389)568-5255x5869,236612818
301,Cheyenne Schaefer,"5586 Megan Prairie
Perkinsburgh, MP 48514",001-932-837-5508x763,608095464
302,Sandra Martin,"2931 Lee Greens Apt. 296
Oliverton, MN 79707",598.450.0442,568369365
303,Dr. Alexis Collins,"2844 Walter Mills
New Elizabethview, MT 52190",577.418.3548x21694,672474493
304,Brandi Kaiser DDS,"107 Nicholas Union
Markmouth, MP 79201",(789)848-0909,396738599
305,Kristin Garcia,"972 Thomas Crescent Apt. 166
Millershire, LA 22762",292.864.9728,120494412
306,Jessica Watson,"1802 Andrew Valley
West Matthew, LA 93591",854-670-7397,472478531
307,Kyle Nunez,"479 Franklin Square Suite 504
Nelsonmouth, MS 65269",896-885-4955,446887186
308,Samantha Shaw,"0258 Stacy Unions Apt. 877
Brendaborough, CT 69369",3265490309,65917380
309,Ricardo Novak,"PSC 1583, Box 1879
APO AA 32124",+1-729-293-4368x28131,560972476
310,Natalie Mendoza,"339 Moody Keys Apt. 800
Juliastad, AL 51800",(618)312-0535x0998,846925478
311,Jeremy Gibson,"2468 Alyssa Stravenue
Reidshire, KS 38097",(786)713-5408x29714,612964038
312,Lori Mathews,"1355 Taylor Mills
Morenoshire, OK 68149",9913506003,276758924
313,Jeff Fox,"34700 Brown Well
Rodneyborough, PA 87224",(599)994-7215x25916,745598933
314,Joshua Smith,"2213 David Points
Smithville, WV 29457",374.738.8003x20435,13313806
315,Jennifer Parker,"158 Gonzales Fall Apt. 943
Michaelshire, NV 49450",8216975190,91350712
316,Amber Castaneda,"08960 Bryan Spurs
Kristinahaven, GU 15729",378.200.3796,597709777
317,Shawn Jones,"82177 Janice Pike Suite 634
West Justin, MI 60916",409-640-3385x308,166850693
318,Monica Smith,"9693 George Mall Suite 151
South Jessicaland, WI 94043",461.454.6885,562010750
319,Christopher Wolf,"341 Dunn Spurs
Blakeland, NY 93988",360.668.7120,515343094
320,Lance Adams,"4110 Julie Cliffs Apt. 578
Hoganview, NJ 96549",736.494.9223,572920296
321,Katherine Frederick,"483 Brittney Road Suite 604
North Juanton, FL 74548",435.558.3004,742771269
322,Courtney Hernandez,"01063 Vincent View
East Leebury, ID 67055",+1-671-205-3621x659,452430397
323,Richard Contreras,"54366 Laura Trafficway
Suttonton, ME 89303",230-526-7690x20563,626486301
324,Monique West,"03056 Copeland Mount Apt. 358
Kennedymouth, WY 15120",001-772-852-0717,355126310
325,Kelly Reyes,"5075 Smith Turnpike Apt. 400
Gouldburgh, OR 44971",5748237849,683073237
326,Laura Williams,"350 Taylor Gardens Apt. 459
North Cindy, MS 01861",001-779-602-3406x8702,701484321
327,Patricia Chambers,"7139 James Valleys
East Marcuston, SC 26972",-3676,746991094
328,Joshua Shea,"USNS Pratt
FPO AP 34261",001-458-709-7201x75804,522197279
329,Kristen Casey,"50899 Johnson Greens
West Caleb, NY 29970",7316876889,50961359
330,Stephanie Jimenez,"USNV Carter
FPO AP 68144",(973)783-8409,849300356
331,Alejandro Cruz,"503 Schmidt Walk
Smithbury, NE 05199",608-898-5316x8630,709180353
332,Darryl Hernandez,"75380 Cunningham Groves Apt. 946
Lyonsmouth, MP 33809",794-454-8038x107,124384737
333,Jenna Padilla,"212 Carol Path
Byrdshire, WY 73652",2512995569,483435552
334,Stephanie Jimenez,"118 Susan Fall
Tatehaven, CO 02455",+1-812-580-0412x083,420755352
335,Alexandra Holland,"7801 Terrell Ports Apt. 769
New Charleschester, IA 49942",564.331.1775,352116093
336,Kathryn Mcbride,"655 Shane Cove Apt. 151
Davisville, TX 67287",380.476.6623,527276673
337,Jamie Morales,"44398 Pierce Fields
Port Vicki, WY 73519",(541)748-4144x04275,115127585
338,Gabrielle Preston MD,"29307 Baker Wells Suite 278
Smithport, DC 50434",826-956-3799x983,423710313
339,Ashley Stokes,"52983 Thomas Mission Apt. 686
Blakeburgh, WV 54020",+1-590-914-7124x55027,846611320
340,Chad Martinez,"7611 Randall Squares Suite 149
Ruthmouth, MD 30720",(919)500-5904x5159,793048385
341,John Wolfe,"03379 Anderson Run
Lake Heidiborough, AR 49542",242.265.8541x368,801302944
342,Denise Smith,"1714 Cassandra Crossing Apt. 072
Kevinshire, TN 69026",8164942544,518603249
343,Dean Wood Jr.,"90080 David Vista Suite 752
South Michelle, VI 61104",(993)679-1305,759929670
344,Lori Reyes,"482 Evans Lane
Port Elizabeth, CT 95317",7239069881,144542578
345,Jason Wilson,"019 Gabriel Lock
North Garrett, AR 58464",+1-753-509-4676x0084,374900058
346,James Rice,"4017 John Motorway Suite 657
Perezton, TX 78467",724.597.2080x3061,3713340
347,Anne Carter,"1764 William Circles Suite 658
Jonesport, MT 25941",541.333.5033x73397,313322258
348,Michelle Henderson,"707 Julie Terrace Suite 191
New Williamland, HI 21546",559-683-5550x908,743607945
349,Donna Kline,"3405 James Stream Apt. 331
Loribury, MO 93110",+1-551-530-0329x067,17067970
350,Kayla Stewart,"7227 Peters Forest
Lake Brian, SD 58658",+1-363-660-3214x7811,15752619
351,Sara Valenzuela,"PSC 4364, Box 2195
APO AA 13778",(960)598-5938,825584003
352,David Mckay,"PSC 8590, Box 0869
APO AE 34604",665-414-9533x2203,66187377
353,Christopher Sherman DDS,"4793 Cynthia Dale
North Kathrynland, WI 64892",001-836-912-6366x493,782646241
354,Olivia Rasmussen,"9090 Cody Points Suite 971
New Shannonland, NE 41430",327.413.2874x88879,537309666
355,Emily Baker,"528 Arias Port Apt. 861
New Tina, VT 87499",(522)391-8624x5598,836445808
356,Derek Anderson,"USNS Vaughn
FPO AA 37369",521-404-3098x8757,306792479
357,Jacqueline Harding,"87877 Jordan Track Apt. 273
East Justin, WY 96565",+1-637-342-5929x11320,433636435
358,Robert Hensley,"Unit 6512 Box 1179
DPO AP 51627",608.517.2970x73291,564277641
359,James Drake,"939 Nancy Terrace
Christinaview, AK 50481",794.912.1219x972,244455545
360,Mikayla Galvan,"378 Duarte Dam Apt. 497
East Donald, VT 62401",001-758-316-2438x639,609478569
361,Michelle Larson,"7517 David Roads Suite 902
West Mark, GA 27798",961.706.3632,470497434
362,Jessica Alexander,"63317 Williams Islands Suite 140
Lake Hollymouth, VA 88826",001-912-670-7077x1829,795356902
363,Jose Dudley,"36252 Douglas Summit
Dustinside, VT 49320",282.624.4221x182,626668299
364,John Bowman,"334 Patrick Port
Port Victorialand, GA 35071",001-998-650-3861x317,96392081
365,Michele Friedman,"Unit 5345 Box 7605
DPO AA 33387",+1-534-803-0440x595,444427627
366,Michael Harmon,"4395 Geoffrey Mill Suite 657
Dixonhaven, MP 68409",001-659-207-2822x117,120472858
367,David Chavez,"450 Gibson Plains
Lake Davidfurt, ID 95151",001-302-490-8385x781,664491695
368,Mark Norris,"7938 Schneider Knoll Apt. 013
Reeseside, UT 70412",001-334-920-7666,769271093
369,George Black,"45515 Schroeder Park Suite 193
East Paigeport, AS 11225",889-764-4192,273653186
370,Bryan Hamilton,"3874 Thomas Mews Suite 357
Jonesfurt, OK 26849",7254789470,831952024
371,Carrie Ramos,"14196 Bryant Road
Ericamouth, FM 50356",+1-740-482-8000x23615,654605294
372,Rachael Smith,"PSC 8257, Box 5268
APO AE 13397",509-658-7531x4201,635906787
373,Laura Patel,"6099 Olsen Route
West Brianside, CT 94800",631-315-2266x06048,744877551
374,Jessica Welch,"5351 Meagan Mountain
Martinview, WI 67633",+1-697-864-7472x397,454976060
375,John Graham,"6376 Hawkins Grove
Nashview, SD 53505",256.673.3811,849887209
376,Gary Rodriguez,"USNV Martin
FPO AE 11792",586.925.8013x7214,652865042
377,Adam Delgado,"94731 Justin Divide
Lake Taylortown, OH 18332",269.203.6963,84763462
378,Amanda Perez,"460 Sanford Spring Apt. 776
Brownside, SC 20565",5306560170,765167635
379,Erica Perez,"5418 Richards Rest Suite 805
Pattersonborough, MD 65459",207-446-9697x957,547474135
380,Benjamin Ross,"8395 Kelley Key Apt. 754
Smithborough, IA 43394",001-811-742-3423x168,680949478
381,Jessica Simmons,"3258 Margaret Haven
Cooperburgh, NE 66125",792-778-4303,124926727
382,Raymond Green,"1140 Wright Points
South Eric, NY 61956",001-756-544-4654x4641,712799295
383,David Booth,"305 Miller Summit
North Alice, ID 05850",(456)222-8063,855252045
384,Shannon Watson,"955 Foster Fall Suite 811
Lake Marvin, MO 98780",697.210.2550x5556,825721545
385,Kyle Stewart,"199 Jeffrey Common Suite 406
Millerfort, CA 45290",723-465-7913x5737,598883170
386,Edward Carr III,"29124 Williams View
Port Jennifer, LA 04989",441.325.2755x945,394816874
387,Danielle Becker,"025 Lori Spur Suite 244
Laurenburgh, WY 33457",393-758-0093,615513995
388,Robert Clements,"26421 Brandi Dale Suite 290
Scottfort, NM 72512",001-540-587-4155x15231,306685934
389,Brian Morgan,"175 Mccullough Forge Apt. 782
West Timothy, MA 34519",(926)584-3687x139,298090974
390,Carolyn Jefferson,"257 Ashley Ranch Apt. 940
West Lindsay, WV 37831",795-393-8973x282,71216572
391,Brian Calderon,"5055 White Pass Apt. 945
Michaelberg, DE 61313",+1-330-763-8479x968,539059961
392,Jimmy Brown,"0578 Jennings Ferry
Christianfurt, SD 47488",672-953-7394,334115729
393,Gina Bailey,"9353 Ronnie Walk Suite 901
Thomasmouth, VI 74709",303.523.5005x78636,688859937
394,Julia Lee,"19242 Anthony Path Suite 684
Hannahbury, PR 45135",+1-620-997-0064x253,381505986
395,Blake Winters,"5450 Lindsay Stream Apt. 486
North Danielchester, MO 29487",+1-790-277-0736x7664,430154754
396,Donald Oliver,"461 Smith Shore
Hudsonton, AZ 61613",5262267444,829906367
397,Robin Hodges,"4396 Jones Ranch
Nancyland, MA 32993",+1-660-503-1184x35839,289295098
398,Rachel Clark,"144 Steven Coves Suite 545
Jacobview, VA 08902",442.997.1767,348195663
399,Alexander Calderon,"691 Amanda Pass
Kevinmouth, NH 56441",953.299.1869x3002,835783550
400,David Marshall,"4464 Mitchell Roads
Lake Jessicastad, NH 66220",+1-565-597-1583x6080,337646827
401,Christine West,"44559 Peters Flat
Hatfieldburgh, CT 09414",(504)883-0801x70375,648645340
402,Robert Moon,"55132 Reese Crescent
Johnsonton, MH 96103",(744)588-2885x597,46975383
403,Stacy Lane,"5243 Laurie Valley Apt. 287
Popefort, CT 16032",-10036,673230982
404,Emma Hamilton,"35021 Griffith Roads Apt. 190
Derrickside, IA 48929",(207)986-9626,691163563
405,Angela Grant,"6908 Brittany Highway
South Josephfurt, AL 74845",258.676.3937x13157,708370692
406,James Frey,"567 Gonzalez Crossing Apt. 090
West Brandon, ID 04150",+1-692-799-0757x4571,38637139
407,Shannon Bowen,"238 Miguel Village Suite 065
Wandahaven, WA 47669",+1-726-875-7976x57306,180111438
408,Michael Wise,"00366 Julia Mountain Suite 605
West Denise, IN 17580",001-449-332-0095x6195,235811030
409,Kelly George,"3406 Stephanie Cove Suite 446
North Rebecca, MT 30211",680.667.5261x79426,497713258
410,Wendy Beck,"990 Brown Well
East Kristaview, CO 23916",(411)574-4612,149949930
411,Tara Martinez,"835 Figueroa Falls
East Kevin, MO 20064",001-737-593-7110x86612,328153714
412,Frederick Carpenter,"8023 Pollard Mountain Suite 447
North Haley, CA 18068",-9291,679176061
413,Christopher Perez,"07938 Robert Meadows Suite 710
New Sara, MS 03038",001-993-270-7240x85646,733284645
414,Jennifer Jacksonn,"670 Jennifer Pine Suite 386
West Keithmouth, AS 41621",533.750.4525,299284597
415,Ricky Harrell,"89887 Michelle Bypass
Warrenborough, WV 72283",+1-620-826-6905x3669,633641327
416,Beverly Jones,"0625 Brandy Grove Suite 236
New Christine, GU 92018",+1-723-399-8569x1236,76966438
417,William Owens,"USS Diaz
FPO AP 65911",645-959-3556,307301710
418,Jamie Powell,"12581 Katherine Burgs
North Lucas, LA 66723",-3726,764568544
419,Claudia Wallaceh,"93831 Steve Hill Apt. 535
North Douglasside, NC 95793",2029266979,538245247
420,James Vaughnn,"USNV French
FPO AP 88004",(765)564-4529,548278719
421,Brian Wouds,"9684 Roman Overpass Apt. 690
North Derrick, MT 52034",4289466247,304159548
422,Meghan Cartier,"57176 Margaret Walk Apt. 959
Anthonyberg, ND 63554",-6519,882766437
423,Frank Perez,"52051 Paige Via
South Jorge, SD 94118",+1-289-418-6878x93284,464150259
424,Stephanie Mathis,"854 Jessica Springs Apt. 914
Codyport, MS 99286",+1-982-752-0945x58045,648868634
425,Ricardo Gordon,"6789 Emma Flat Apt. 749
Lake Anabury, CT 76906",(452)264-8197,505981442
426,Jesse Jenkins MD,"147 Whitaker Mount
East Matthewland, CO 44561",453.676.0379,854370885
427,Benjamin Lewis,"17000 Rebecca Parkways
Lake Elizabeth, NV 33116",210-926-2763x91747,54670872
428,Thomas Mcdonald,"0962 Bartlett Lodge
Lawsonfurt, AS 05943",964.451.9314x0288,349940733
429,Madison Williams,"55162 John Courts
Stricklandside, SD 31456",(789)200-5271x795,150073358
430,Chelsea Holden,"827 Jared Turnpike
Carterberg, PA 65890",(604)281-8893x12516,144303718
431,Eric Barajas,"6446 Hopkins Turnpike Apt. 960
Davischester, SD 33532",5803192223,530152894
432,Charlotte Mckay,"661 Kimberly Plains Apt. 710
Nguyenshire, OH 66218",-10673,707055547
433,David Hubbard,"8269 Micheal Via
Port Danielfort, KS 31212",001-224-662-1065x8284,379614261
434,Donna Whitehead,"083 Alexandria River Suite 315
East Paulport, UT 26784",001-523-477-9920x9419,714916875
435,Kimberly Stewart,"831 Rebecca Crossroad Apt. 612
New Kennethberg, NM 92175",001-450-823-6552,448586394
436,Michael Jefferson,"6043 Bell Stream
New Amandaburgh, VT 49788",795.848.9397x0647,293269588
437,Matthew Ward,"00241 Brittney Center Apt. 408
North Amber, ID 30499",001-205-515-8088x556,589025055
438,Abigail Newton,"198 Kenneth Isle
Port Randy, LA 44300",9367889834,670943312
439,Carl Anderson,"Unit 1595 Box 7585
DPO AA 34598",+1-600-432-7936x3908,824305515
440,Theodore Montgomery,"Unit 1873 Box 5537
DPO AE 38417",001-611-554-0052,792701818
441,Erik Davis,"7796 Jason Lights
Duranview, NJ 72000",255.896.4874x49233,294804320
442,Anne Mccullough,"62328 Johnny Lane Suite 858
Lake Justin, MO 50632",(928)264-7014x36910,447772047
443,Morgan Roach,"4825 Delacruz Meadows Apt. 822
Yateston, ME 58150",(959)663-1233x29592,422539231
444,Anita Stephens,"63652 Peterson Parkway Suite 673
Johnchester, MI 17421",680.357.8736x7670,512600454
445,Sharon Norman,"653 Hayes Road
South Kaylamouth, CO 89140",556.297.1957x78991,332539730
446,Ricardo King,"40894 Maria Ports Apt. 479
Burchview, PW 34658",5064025645,208053621
447,Richard Barron,"7880 Megan Run
New Chrisbury, TX 83395",950-254-2538,249963869
448,Matthew Sparks,"99119 John Island Suite 627
Nguyenville, DE 22353",331.638.9939x56573,398285180
449,Francis Key,"46079 Christopher Lake
Jonesville, ND 03675",777-584-8260,12920491
450,Dennis Jensen,"0923 Miles Union
North Tammyburgh, NV 15704",774-932-3491x42668,628277196
451,Christopher Walsh,"Unit 1833 Box 9154
DPO AP 16460",3372238187,860655335
452,Jermaine Merritt,"2969 Nicholas Harbor
West Brian, IN 81570",001-724-652-0891x186,897959643
453,Mary Cookh,"45255 Miller Tunnel
Hamptonfurt, FM 99920",673.775.5382,394397500
454,Rodney Farmer,"38658 Hale Grove Apt. 538
Edwardport, FM 96385",252-905-5627,177746472
455,Elizabeth Nguyen,"0443 Hopkins Row Apt. 558
Jamestown, SD 43517",(868)540-3521,679307499
456,Joshua Jensen,"4739 Amy Valley Suite 536
Spencermouth, CO 91554",-9882,896240125
457,Jennifer Mcdaniel,"17471 Pearson River
Christophertown, LA 45619",330.519.6150x91589,458836527
458,Anthony Woodland,"500 Ross Spurs Suite 804
Shelleyport, NM 84489",(381)475-0949x30825,174024213
459,Amber Bross,"PSC 7346, Box 3647
APO AA 97267",(269)894-0801,431428307
460,Lisa Benton,"946 Kimberly Mount Suite 337
North Donald, IA 52626",001-256-687-8675x39119,355686200
461,Jesse Crane,"41868 Olson Knolls Apt. 615
Lake Francisco, RI 44854",-2557,444798119
462,Jesse Smith,"0092 Hull Fords Suite 956
New Karlmouth, KY 93197",687-324-8689,603732829
463,Alexander Mills,"72476 Erika Mills Suite 635
Carolbury, OH 09044",001-605-242-9894x31627,409571746
464,Colin Rosario,"0051 Smith Plaza Apt. 671
Port Sabrina, PA 71583",+1-279-904-9874x9566,805930997
465,Victoria Porter,"3041 Erik Freeway
Jacksonfort, MA 58541",999.223.3689,361862853
466,Nicholas Perez,"6560 Amber Shore
Millerfort, NH 82162",2626486468,439676273
467,Danielle Hart,"18467 Joseph Court
Brianport, MA 10507",984-613-0770x78443,314219558
468,Tina Callahan,"Unit 2128 Box 9651
DPO AE 60908",2903932152,561484668
469,Jacqueline Wolf,"Unit 5175 Box 3782
DPO AP 60160",626-272-7463x65935,620139161
470,Alexander Thompson,"852 Eric Expressway Apt. 815
Scottview, WY 58257",375.857.1134,847867288
471,Christopher Koch,"153 Tyler Keys Suite 456
North Makayla, HI 16109",716-885-0312x0827,602619135
472,Andrew Diaz,"862 Anita Street Apt. 619
South Donnachester, PR 72986",969-474-4294x6267,484203492
473,Brittany Stewart,"15973 Brian Pine
West Jenniferland, PA 11683",799.824.1895,682798192
474,Darryl Parks,"336 Chase Brook
Michaelbury, WI 74722",7262634595,862355954
475,Jeffrey Hebert,"25822 Christy Inlet
North Victoriaborough, NC 13241",874.723.0960,479240750
476,Brianna Gray,"0217 Graham Islands Apt. 196
North Terri, KS 78567",001-626-738-4713x836,421752853
477,Matthew Carter,"00692 Dominguez Village Suite 981
Lake Jerryhaven, WY 40518",311-237-4067x021,98371962
478,Jacob Price,"259 Eric Meadow
Perezfort, MT 60128",001-335-403-1085x32511,811673439
479,Daniel Thompson,"303 Autumn Tunnel Suite 946
East Christiantown, PA 76122",(308)741-6063x83039,138835546
480,Laura Glover,"8644 Jackson Turnpike Apt. 006
Martinmouth, AZ 96383",295-870-7669,778696273
481,Jason Hayes,"4967 Walters Common Suite 682
Stephaniechester, VT 33920",(583)877-8769,869018715
482,Danielle Bennett,"427 Amy Island
Maryville, NM 84854",503-835-3495x60400,33447537
483,Paul Bell,"548 Reed Mountain Suite 217
New Kristine, SD 85502",(529)272-9262x538,52791017
484,Dennis Cameron,"52047 Chang Street
New Maryberg, MN 49424",(639)602-9505x429,651212606
485,Nicole Luna,"USS Golden
FPO AP 60645",001-400-293-2457x78758,314144935
486,Mark Taylor,"PSC 6703, Box 3821
APO AE 49077",224.640.2247,787599961
487,Dustin Sullivan,"399 Melissa Tunnel Apt. 970
New Angela, KY 24417",-10108,702698260
488,Alyssa Lopez,"377 Mark Orchard Suite 015
North Laurie, OR 21924",819-794-9716,75792262
489,David Leon,"USS Johnson
FPO AA 77789",566.541.6156x425,644451129
490,Jeffrey Wright,"8946 Jones Circle Apt. 241
Guerraburgh, RI 24685",611.584.1818,106802901
491,Timothy Price,"79028 Harrison Tunnel Apt. 195
West Heather, OR 06121",444.865.7999,567529960
492,William Lopez,"682 French Trace
West Alexander, WV 37272",200-649-6946,527034749
493,Lindsay Perkins,"08022 Wise Vista
South Yvonnechester, SD 78847",001-235-997-0340,44176245
494,Patricia Reynolds,"187 Smith Crossing
Hamiltonstad, WA 51113",7514189922,453747638
495,Bradley Flores,"38427 Duarte Course Apt. 238
Diazberg, IA 55637",001-378-356-0104x54074,437783175
496,Heather Burnett,"6302 Matthew Skyway
Houstonville, ID 61594",(443)519-7023x12745,80641769
497,Joshua Ryan,"30038 Hopkins Way Suite 650
Jonesmouth, IN 73527",390.855.9865x0727,487211333
498,Michael Welch,"073 Jennifer Locks Apt. 088
West Dennis, IA 78598",707.945.7620x3806,568657820
499,Lori Silva,"2505 King Turnpike Apt. 941
North Brian, IA 64770",001-655-464-4204x990,5070192
500,Patrick Jackson,"22465 Crystal Ridges
East Maxwellville, PW 81041",(678)232-1455,575111434
501,Lauren Ruiz,"665 Kristen Underpass
Lake Kristy, IL 17668",(670)230-2821x365,671065387
502,Kevin Harvey,"USS Walker
FPO AE 90264",886-628-7687,100116246
503,Patricia Nelson,"213 Williams Rest Apt. 216
Hermanhaven, TN 73633",(305)559-9711x9738,230315942
504,Christopher Bautista,"096 Wells Lights Apt. 228
East Deborah, MH 07261",856.220.0900,525911099
505,Mario Rivera,"8045 Joseph Mountains
Jeremymouth, OH 77796",(575)399-9587,693688890
506,Miss Rhonda Arnold,"USS Casey
FPO AA 31390",+1-538-757-4440x700,702792214
507,Dr. Arthur Perkins,"242 Watson Village
East Erin, ID 04367",290-530-7703x412,390167495
508,Cynthia Garcia,"727 Zachary Hill
Bennettbury, WI 82694",001-340-741-1736x42088,559762058
509,Colin Park,"PSC 8893, Box 1695
APO AP 60110",284.831.6461x6629,469534669
510,Andrew Taylor,"7195 Day Route
New Ashleyshire, OH 61178",869.856.2038x193,786449286
511,Tyler Lucas,"1690 Andrea Lake Suite 737
Millerville, MN 96236",243.635.6375x6947,718591587
512,Ronald Peters,"52630 Villegas Route Apt. 207
Stokesburgh, VA 74837",(663)637-3404x639,99821158
513,Brenda Brown,"786 Francis Unions Suite 705
Johnsonburgh, MP 87589",555.395.2724x603,198457175
514,David Fuentes,"84448 Russell Greens Suite 789
East James, MD 53704",(316)829-8012,98665339
515,Matthew Lee,"619 Tamara Rapid Suite 922
West Elaine, NE 62268",928-694-3808,898251049
516,Christopher Jimenez,"39822 Cassandra Green Suite 344
Lake Juliabury, MN 05171",987-970-2786x621,310332483
517,Stephen Garcia,"2427 Sullivan Parkway Suite 118
South Nancyton, NV 57584",001-440-864-4929x6318,168450789
518,Anne Anderson,"7714 Nichols Lake Suite 481
Shawmouth, KS 60639",+1-737-701-3517x7694,81224224
519,Alexander Curtis,"285 Brown Rest Suite 823
South Holly, SC 09086",214.260.1023x170,33975889
520,Stephanie Turner,"79065 Alexa Lake
West Katrina, GA 89665",+1-553-252-9882x7037,129133519
521,Natalie Little,"189 Johnston Garden Suite 080
Kevinfort, NC 24805",001-452-540-3057x23341,780832654
522,Christopher Moore,"10743 Martha Lake
Davidmouth, MD 39508",907-402-6909,504854600
523,Kevin Adkins,"33276 Coleman Villages Suite 952
Lake Williamhaven, AZ 23742",+1-777-997-1828x23920,661226963
524,Rachel Brooks,"6012 Poole Groves Apt. 250
Port Frederick, NH 11910",+1-431-248-4680x1364,312044758
525,Stephen Krueger,"620 Kelley Court Apt. 200
Dennisfort, HI 56217",643.824.5553,340240273
526,Diane Jackson,"064 Johnston Bypass Suite 713
Walkerhaven, CA 48378",592-809-7640,145626595
527,Kelsey Watson,"1662 Diana Plaza
Lake Breannafort, MS 87325",867-570-4524x0647,732652396
528,Cassandra Franklin,"931 Kristie Shoals
West Kimberly, MI 75535",(287)885-7609x7336,739483174
529,Jasmine White,"60673 Calhoun Stream
New Travis, IN 81428",6005300536,370498730
530,Anthony Williams,"73973 Susan River
East Andrea, DE 80674",823-424-8593x9458,693758769
531,Shelby Gomez,"339 Jones Hollow
Mitchellfurt, TX 81127",3646230210,658733114
532,Mr. Timothy Johnson,"354 Davis Centers Apt. 835
New Kimberlyshire, NM 07227",6615646343,465153778
533,Mary Gray,"6058 Cory Hills Suite 829
Williamstown, MS 97781",-6973,472064928
534,Thomas Newton,"03207 Castillo Viaduct
Joshuastad, NE 26186",+1-973-616-5152x0412,892985290
535,Natalie Chan,"99472 Carpenter Ferry
Kimberlyshire, KS 27571",961.930.9749x2086,576019187
536,Danny Meyer,"4829 Donald Mill Apt. 206
Haynesmouth, MA 85822",597.396.4054x28647,692993132
537,Melissa Hughes,"62025 Roberts Plaza
Brendaberg, MN 29412",001-869-743-3122x6404,225610101
538,Joshua Townsend,"62577 Lynn Roads
Harrisonhaven, WY 84684",525.329.1098x277,644434030
539,Sarah Thomas,"499 Becker Vista
West Matthewside, MH 99425",(837)294-9305,341458982
540,Michelle Potts,"716 Nathan Course Suite 133
Brandontown, MI 82089",820.215.3962x050,558251563
541,Sarah Perry,"3786 James Common
New Ginamouth, MH 25695",(683)540-0344x989,470993861
542,Sarah Young,"0788 Rasmussen Keys
East Christianborough, VI 56110",+1-563-494-6126x30725,511484070
543,Amanda Leon,"8645 Patton Forks
Bensonport, WV 90884",(542)954-9467,426525315
544,Elizabeth Johnson,"623 Amy Route Apt. 054
Ramirezfort, AZ 35816",001-532-489-3385x382,577160931
545,Eric Carrillo,"08372 Jones Station
Amandaburgh, AL 67254",727-853-2584,746695140
546,James Webster,"89584 Dennis Mall
North Heather, MP 83815",368-232-4289,686332324
547,Carolyn Coleman,"PSC 4955, Box 0445
APO AA 68650",(889)396-6978x682,765722647
548,Alyssa Lewis,"3497 Lisa Skyway
Cynthialand, AL 90760",001-576-503-9225x3251,54254589
549,Jessica Phillips,"057 Harris Estates Suite 978
Port Lisa, NY 38324",353-769-7680,400504560
550,Mary Fox,"PSC 7702, Box 4818
APO AE 34634",714-627-9780x570,117677431
551,Brandon Lynch,"25563 Smith Vista Suite 682
Martinside, DC 14104",363-762-1219x403,810218246
552,David Perkins,"3188 Nicholas Way
Johnsonmouth, IA 54366",(617)774-2033x3569,681957535
553,Nathan Ferguson,"91492 Nathan Shoals Suite 788
Larryborough, DC 38013",001-969-559-9946x370,680721029
554,Kathleen Barber,"2009 Anderson Stravenue Apt. 978
Lake Rebecca, NE 79890",571-421-3873x726,451781741
555,Christine Burns,"PSC 1372, Box 2816
APO AP 88528",290-334-6969x62539,415093427
556,Jennifer Martinez,"6112 Atkinson Lodge Apt. 992
Tammytown, CA 92893",8982297487,325555690
557,Felicia Johnson,"51657 Melissa Plain
North Donaldshire, VT 14583",7478468415,715094271
558,Ashley Brown,"4272 Boyer Lake Apt. 919
Gilesmouth, AS 55395",296-567-5026,419752304
559,David Smith,"1905 Tanner Avenue
Lake Madison, MP 42366",001-645-740-1718x695,504317593
560,Lisa Mccall,"1694 Nichols Port
Ericview, NM 70902",974.476.9805,273479171
561,Angela Guzman,"33753 Anthony Trafficway
South Hannahside, DC 09483",(980)877-1233,798326008
562,Kyle Russell,"118 Page Islands
North Deborahstad, KY 47380",3547004396,490888574
563,John Swanson,"73542 Turner Union
North Joseph, SC 52549",812-408-0555x2006,654047742
564,Kimberly Hickman,"20450 Michael Lights
Lake Steven, ND 92332",(638)952-4717,461900989
565,Frank Nunez,"0883 Mullins Common
Velezfort, NV 08595",244.234.9739,601183405
566,Carl Tucker,"6365 Alexander Shores
Moodyhaven, FM 47915",544-871-2479x116,499220404
567,Chris Wyatt,"5230 Mary Mill Apt. 394
Port Troyview, WA 04862",881-269-6692,48552058
568,Elizabeth Mitchell,"99780 Jeremy Heights Suite 879
Port Jessica, MS 66611",892.607.6432x0448,198914511
569,Joseph Ellis,"8642 Sawyer Shoals Apt. 819
North Sharihaven, MT 84142",308.343.3411x50485,895472292
570,Richard Garcia DVM,"61167 Hayley Brooks
Johnsontown, MO 02289",(310)916-3258,327896899
571,Danielle Elliott,"21558 Andrew Glens Suite 146
Hillport, OH 29961",001-768-645-7756,877886050
572,Mary Harvey,"5402 Mcdaniel Pine Apt. 043
Lake Juliestad, TN 27882",(803)878-4840x7293,440182588
573,Diane Pittman,"Unit 2652 Box 6065
DPO AP 96559",383.487.5728x4439,364815771
574,Paul Garrison,"598 Lisa Vista Apt. 638
Parkerborough, TN 90118",(515)405-7376x37374,764816164
575,Ronald George,"53098 Christopher Unions Apt. 695
New Amber, AS 82130",4454493056,794087047
576,Ashley Hall,"PSC 8219, Box 7126
APO AA 60895",807-433-8112,130559860
577,Nancy Flores,"46616 Glover Island Suite 815
Amandaport, VT 59131",001-397-500-9314x4983,332145720
578,Jerry Hamilton,"823 Angela Track
Wandastad, NC 95646",(723)416-1260,339021922
579,Lindsey Dougherty,"72855 Ritter Prairie Suite 130
Walkerville, NE 04552",(592)283-6774,514434169
580,Mary Carter,"3986 Clayton Island
Heidiview, MA 85600",847.232.8901x0667,406080832
581,Timothy Gonzalez,"632 Wilson Harbors Apt. 982
Reyesborough, VI 16886",001-530-373-8163x4554,737736712
582,Gregory Booth,"213 Mcclure Island
North Jose, ID 63742",(469)834-9778,110759428
583,Ryan Kirby,"2657 Woods Groves Suite 917
Santiagoside, UT 72118",-2563,649851147
584,Joseph Daniel,"Unit 1476 Box 6299
DPO AA 40217",+1-393-872-7179x72832,653482822
585,Melissa Evans,"1978 Michael Walk
Alanstad, IA 19856",(442)718-6487x1163,586800346
586,Dr. Isabella Quinn MD,"01545 Emily Loaf Suite 468
Staceyberg, IL 88647",722.746.1853x348,94623436
587,Bill Jackson,"89371 Bruce Glen
Amandashire, VT 52371",716-563-8426,244922775
588,Brett Lloyd,"91806 Raymond Locks Suite 043
East Bradley, IA 57813",5968929601,717509831
589,Julie Allen,"48892 Robert Square
Natashabury, UT 94111",(541)278-2170x115,339384600
590,Gerald Hanson,"0156 Elliott Pass
West Daniel, CO 33569",207-737-5851x202,738858759
591,Nicole Collins,"25667 Page Walk Suite 898
Schwartzhaven, MP 16737",671-729-5111x78078,257276241
592,Caroline Hall,"636 Harris Unions Apt. 285
East Andrea, AS 78937",001-511-335-8961,679682565
593,Stephanie Lee,"278 Jared Circle Suite 394
Whitakerchester, MD 51255",(568)781-6748,205461297
594,Janet Walter,"2146 Lisa Branch Suite 820
New Amy, FM 03736",665.848.7271,148097607
595,Katie White,"48460 Karen Overpass
Robbinsfort, CT 67722",6074902251,566848155
596,David Rios,"51712 Ashley Road
Reidport, AK 41458",984-412-1306,584209909
597,Anthony Heath DDS,"521 Wells Estates
Port Bryan, NC 11454",+1-305-542-6334x23578,607344077
598,Brianna Palmer,"14105 Smith Walks
West Mariafort, WV 35408",278-383-0745x976,420809703
599,Nathan Kirk,"64498 Isaiah Forest
South Rhondaside, AR 85396",(809)664-6063x083,708199909
600,Joshua Wells,"USNV Kelley
FPO AP 01822",578-432-9361x92773,642512805
601,Zachary Steele,"4575 Morris Key
South Erikaville, AL 69343",830.503.3546x6648,667344853
602,Heather Olson,"091 Scott Lake Suite 588
Evantown, ND 90394",7297761138,182574063
603,Stephen Walker,"2119 Richards Station Apt. 160
Kevinville, AS 13120",(999)912-4265x0521,500211455
604,Brian Jones,"235 Amy Vista
East Michelestad, VT 64485",-7703,223161964
605,Robin Patterson,"15071 Joseph Mountains
Webermouth, PW 48402",6276182143,197612843
606,Carol Craig,"008 Tiffany Mills Suite 761
North Amy, WY 06614",+1-523-395-5464x588,738072935
607,Michael Gallagher,"589 April Tunnel
East Patrick, ND 29556",556.211.0868x3994,541344203
608,Joshua Howell,"0913 Danielle Squares
East Juliechester, VT 25097",5899088477,111835132
609,Dominique Patel,"276 Mary Common Apt. 644
Lake Daniel, LA 09545",892-661-7707x5178,501950796
610,Angelica Dillon,"USNS Simpson
FPO AP 47446",732.529.8908,316915856
611,Jennifer Hicks,"2343 Gutierrez Place Apt. 350
Thomasville, AK 91233",498.641.6231,231582809
612,Garrett Black,"2906 Evans Common Suite 184
Johnsonberg, FL 71449",001-646-485-3204x892,816199749
613,Tammy Christian,"659 Jeremy Plains Suite 532
Acostaport, WY 02023",298-623-2777,146160056
614,Michael Lewis,"805 Gilmore Motorway Suite 869
Jonesberg, TX 01529",575-482-5563x84793,303672579
615,Shelby White,"9904 Brown Spur
South Stacy, PA 60120",(580)538-2713x73311,615190006
616,Kimberly Chang,"1348 Kathryn Fords
Bennettmouth, PW 34805",+1-834-214-3155x166,466616526
617,Robert Stewart,"4270 Hull Radial Suite 094
Michaelport, AK 56043",(733)486-0231,207905165
618,Danny Ellis,"57453 Laurie Flat
Snyderchester, GU 17634",001-468-362-3344x0334,691821946
619,Melissa Contreras,"003 George Springs Apt. 560
South Johnfurt, DE 69194",6613568060,129661623
620,John Schneider,"252 Patterson Prairie Suite 565
Colemanport, MO 28393",8547870512,327191627
621,Patricia Hart,"PSC 2150, Box 8176
APO AA 18297",-10254,50888405
622,Susan Edwards,"4648 Kelly Pines
Staceyview, WI 26626",(529)630-9744x4119,306260610
623,Blake Osborne,"7182 James Harbors
North Brian, PA 70832",(810)730-3663,887828451
624,Katrina Hughes,"4999 Elizabeth Green
East Brian, NV 50611",+1-321-784-8307x161,607595119
625,Jason Snyder,"380 Cynthia Viaduct Apt. 575
Monicaview, AL 19504",396.783.6489x6884,222224952
626,Kenneth Marks,"65577 Reed Ford
Timothyview, UT 51081",001-582-258-5186x3357,485566821
627,Ryan Villanueva,"19542 Jonathan Loop
Natalieborough, RI 63668",+1-820-600-5602x299,94632609
628,Ryan Bradley,"841 Marcus Gardens Apt. 377
North Jasonmouth, VT 78079",(528)902-6568x7780,86602662
629,Joseph Oneal,"3848 Tony Mountain
Andrewsfort, NH 13774",-1370,650610656
630,Tina Foster DDS,"15103 Burns Wall
East Amy, MH 67975",9552149560,667084879
631,Jeff Garcia,"29670 Kimberly Island
Jessicaland, KS 10990",748-410-9044,783033574
632,Elizabeth Bradley,"9490 Hall Lane
Cynthiaport, IL 15665",545.772.9149x31280,898453534
633,Andrea Lopez,"1848 Robinson Extensions Suite 049
North Maryport, GU 27097",696-307-5182,792200702
634,Debra Hubbard,"PSC 5571, Box 0639
APO AA 21167",442.746.4652,549208366
635,Michael Deleon,"010 Solis Port Apt. 339
Velasquezland, SC 80285",716.714.7595x831,804262501
636,Devin Anderson,"8474 Nicole Estate
Ericaport, CO 10353",(920)938-8688x088,358728640
637,Melissa Taylor,"212 Sarah Harbor Apt. 582
South Angela, CA 84772",(421)851-5488,855752689
638,Nicholas Marshall,"6146 Teresa Alley Apt. 348
Moranhaven, MT 04102",+1-252-411-5836x31694,636623030
639,Amy Cox,"95933 Phillips Ports
Port Jenniferberg, DE 37401",-7253,614891989
640,Kristy Perez,"35467 Gomez Rapids
Lake Martinmouth, DE 19823",493-707-8417,373316429
641,Mark Goodman,"875 Erica Skyway
Rojasberg, HI 66427",342.466.4791,213774538
642,Michael Thomas,"PSC 6652, Box 4409
APO AA 61109",(955)890-3376,237480193
643,Brandi Henderson,"041 Pham Village Apt. 630
South Erinside, KS 38425",-10051,499985372
644,Kayla Diaz,"0323 Lee Crossing
Lake Ricky, CT 43819",+1-886-662-3962x08772,599753874
645,Samuel Carroll Jr.,"Unit 3959 Box 6698
DPO AP 44184",(723)601-0980x76343,232415719
646,Benjamin Mcdaniel,"Unit 3879 Box 0483
DPO AA 09290",001-753-240-6518x87467,275311155
647,Courtney Fields,"94173 Sandoval Haven
West Steven, DE 20182",950.839.7247,898503015
648,Connie Madden,"057 Hines Villages
Kelleyland, AK 17150",(543)756-8625x68226,215720779
649,Craig Pham,"4472 Reginald Spurs Apt. 088
New Stephanie, WI 91401",515-719-8263x726,743884232
650,Patricia Phillips,"3175 George Harbor
Snydershire, MA 33689",490-825-0046x878,893813848
651,Edward Bowen,"70895 Michael Valleys
New Robertaburgh, NM 21725",860-433-5495x503,43841518
652,Erin Hernandez,"648 Daniel Mission
Petersonshire, TX 28743",201.718.4740,315347608
653,Christopher Moreno,"922 King Meadow Suite 146
West Kimberlyton, MS 19004",(599)726-8007x1826,600602316
654,Martha Miles,"686 Matthew Land
Theresaberg, VI 56345",7078552339,148695586
655,Julie Serrano,"6422 Christopher Track
North Sandrabury, WA 92078",991-675-5920x728,554438707
656,Jessica Snyder,"88309 Wood Plains
Ericport, IA 79072",+1-492-864-4588x053,629384218
657,Kelly Clark,"02268 Meyers Passage
Collinsbury, GA 59962",(969)257-2087,612323058
658,James James,"6812 Mcdonald Mall
Jorgeland, NE 85685",439-419-5500x2952,7355996
659,Stephen Shepherd,"7668 Brewer Corners Suite 876
Ryanmouth, DC 96844",867.467.7389,889064116
660,Jessica Larsen,"424 Christopher Summit
Sharonbury, MS 11092",+1-910-727-4386x98428,391057304
661,Cassidy Parsons,"4798 Duncan Plain Apt. 828
Cherylbury, MD 84030",(230)588-6201x15369,534346832
662,Brian Woods,"30466 Smith Ranch Apt. 410
Lake Jacquelinemouth, ME 56747",(706)670-5862x08758,63457782
663,Shannon Butler,"5827 Butler Center
West Jo, PR 42942",897-678-3599x9162,742316395
664,Bradley Chang,"USNS Christian
FPO AP 85804",396-604-4350,213142618
665,Robert Hamilton,"55636 Booth Estate Suite 465
South Theodoremouth, RI 75279",612.348.2194x1421,855956570
666,Jason Rose,"964 Castro Shoals
Swansonhaven, DC 61332",-9063,456886802
667,Thomas Khan,"01030 Adam Villages
Tommychester, MN 37863",(707)368-3511x12655,757032321
668,Joe Lee,"6881 Holder Square
Smithmouth, TN 63945",881-710-4133,836622150
669,Nicole Schultz,"868 Hutchinson Club Apt. 087
South Joshuamouth, WV 91897",3453593996,474544135
670,Michael Burnett,"1724 Robert Mills Suite 344
Lake Joshua, AK 78013",404.604.8868x74599,418842088
671,Raven Adams,"017 Chambers Park Apt. 011
East Melissa, MO 92024",001-849-466-1799x629,840029786
672,Roger Clark,"1210 Hernandez Prairie
Russofort, PW 79630",(779)829-7833x79785,624140793
673,Sandra Thomas,"15002 Estrada Bridge Suite 801
Wallaceview, RI 33485",001-990-365-1613x5772,214331218
674,Monica Schultz,"2946 Carlson Stravenue Apt. 319
Thomasside, OH 67794",457-573-9292x5639,94096761
675,Randy Hughes,"55062 Gregory Bridge Suite 180
New Jamesfurt, NM 11039",001-768-738-3294x726,215103887
676,Ryan Meyer,"75642 Gonzalez Vista Apt. 568
New Willie, PW 27597",+1-891-520-0561x570,495254771
677,Angel Saunders,"9969 Tammy Estate
South Josephview, PR 15947",001-546-485-6019x647,94206350
678,Jared Howe,"60370 Gomez Oval Apt. 814
Nathanielberg, IA 71341",001-200-905-1158x626,153132060
679,Melissa Fritz,"622 Wolf Spur
Johnside, AS 85900",(644)657-9248x6409,384207491
680,Lori Rocha,"732 Ashley Passage Suite 720
Lake Sherryhaven, NV 60392",924-412-3358x66281,687070203
681,Wanda Gilbert,"0033 Freeman Square
Ronaldshire, PA 71223",+1-912-693-0525x329,95534123
682,Robert Walters,"998 Eric Fall
New Sarah, AK 19333",+1-992-940-5148x95235,521135773
683,Alicia Weaver,"7651 Liu Extensions
Jamesville, NM 86367",948-313-6756,679505420
684,Patricia Knight,"0396 Shannon Trafficway Suite 077
West Jaclynland, KS 78468",901-502-9275,657328940
685,Kyle Anderson,"0020 Sanders Club Suite 145
Lake Juliehaven, NM 57233",(304)206-9705,53741087
686,Elizabeth James,"46271 Gray Circle
Port Jennifershire, MT 82097",825.570.9021,134423525
687,Victoria Smith,"1851 Alvarez Street Apt. 573
Clarkside, TN 30847",-4365,498934047
688,Maria Ball,"043 Rodriguez Islands Suite 510
Thomasmouth, RI 35402",287-661-3685x928,317859718
689,Taylor James,"81188 Gregory Heights Suite 585
Lake Sarah, VT 73870",001-423-661-3807x72320,13313299
690,Albert Jones,"4579 Flynn Court Suite 159
North Adam, KS 29429",+1-588-982-6378x536,686954514
691,Michael Flores,"674 Jonathan Harbors Apt. 970
South Nathanside, IA 78049",(409)575-1089,212673572
692,Joshua Lewis,"102 Jackson Shoal Suite 315
Hendrickston, MP 30581",917-886-5479x91306,596690448
693,Danielle Dunn,"14591 Cook Mountains
Griffintown, NJ 94226",001-663-431-7837x9812,602898413
694,Daniel Cole MD,"03178 David Stravenue
South Terrimouth, IN 10690",627.348.3532x215,85162073
695,Melissa Harmon,"07128 Jeffrey Walks
Montgomerymouth, NE 91977",234.948.8055x997,117486577
696,Kelsey Foster,"69429 Hailey Hills
New Monica, GU 38935",4747433651,129127790
697,Lisa Jones,"644 Thompson Crossroad Suite 722
Kimberlyshire, CT 40677",933-421-3945x909,658407512
698,Erika Finley,"0735 Davis Terrace
North Robertville, NM 89174",001-553-339-3230x1951,280489419
699,Jennifer Williams,"USS Hogan
FPO AA 22737",(258)332-1140x808,236356400
700,Kathryn Wagner,"948 Craig Island Suite 300
New Jacquelineberg, GA 41416",001-676-229-4276x7862,221778434
701,Joan Holmes,"58229 Gary Spring
Port Johnfurt, KY 21755",(251)207-8835,72588101
702,Lisa Thomas,"PSC 7952, Box 2933
APO AA 32159",+1-728-475-2972x9432,665026254
703,Jeffery Gonzalez,"13903 Johnson Islands
Lake Jennifer, PR 84344",+1-869-546-3176x90805,247411124
704,Brenda Contreras,"Unit 2879 Box 2806
DPO AA 63836",+1-968-239-9499x18865,643331615
705,Denise Potter,"355 Doyle Way
Johnsonland, FL 58552",413.809.4859x775,687501616
706,Angela Smith,"4060 Derrick Path Apt. 897
Scottfurt, WI 55549",8673392043,92185166
707,Nichole Jones,"Unit 7013 Box 0852
DPO AA 54651",696-630-0968,808958858
708,Kenneth Kelly,"162 Sutton Greens
New Johnbury, WY 26102",+1-913-408-0383x783,445965422
709,Jordan Le MD,"0140 Elizabeth Ways
Hawkinsburgh, MD 66163",814-781-4678x5783,50324587
710,Rachel Perez,"85689 Mcdonald Summit Apt. 650
Micheleville, PW 31627",3356044339,786491468
711,Jennifer Tate,"62444 Russell Junctions
North Karenhaven, ID 76696",(998)467-6585x6063,398565241
712,William Gregory,"898 Mary Mount
Port Grant, MS 72995",(711)338-2461x344,155040048
713,Laura Ortiz,"54434 Kelly Mills
Foxborough, CO 52487",4803305864,764075876
714,Matthew Adkins,"53798 Perez Way
New Katherine, DC 48174",-6002,479394211
715,Mike Myers,"20497 Gentry Manor
Carrillofurt, HI 01109",615-210-5662,544336740
716,Stephen Harvey,"410 Samantha Port
Francesbury, CO 04032",303-214-2869,868919723
717,Jennifer Ward,"987 Richmond Falls
Port Jasmine, CT 35529",248-740-4311x2986,345158482
718,Luke Mckinney,"004 Norton Radial
Port John, IA 66507",574-294-6300x5125,637865838
719,Paula Baxter,"88892 Victoria Prairie Apt. 609
Gilesmouth, LA 22402",245.303.5056x690,623861618
720,Troy Martin,"10232 Holly Burgs Suite 235
North Brenda, GU 67580",001-542-887-7995x603,101825278
721,Cheryl Herrera,"9989 Ali Circle
Gilbertbury, TX 87063",+1-453-359-9551x5760,673300311
722,Robert Smith,"841 Barajas Crest Suite 410
Rogersfort, KS 21407",001-495-920-5967x664,53850240
723,Michael Adams,"468 White Curve Apt. 414
Weeksbury, DC 48524",001-315-293-6589x1755,100852699
724,Mr. Jonathan Tucker DVM,"3066 Burch Roads
Lake Jeffreyfort, HI 36717",001-684-407-4411x1537,478679038
725,Kevin Tran,"050 Chambers Junctions
Lake Dawn, PA 46338",547-578-8524x799,763507386
726,Robert Foster,"277 Kane Mountain
Barbaraberg, UT 88577",001-503-207-8564,592034096
727,Jonathon Castillo Jr.,"719 Gonzalez Vista
Mirandastad, FM 77107",610-354-7430x35816,608998904
728,William Wilkins,"028 Chad Stravenue
Ballfort, DE 26612",001-953-722-4591x08488,824157898
729,Amy White,"PSC 4786, Box 6612
APO AE 19176",914-598-9711x00269,756257076
730,Tina Martinez,"8257 Brown Field Suite 642
Dariusstad, ID 60705",207-586-5825,674076154
731,Jill Weber,"394 Rodriguez Spurs Apt. 993
Michaelview, CT 73245",001-509-886-0865x0978,616301576
732,Jesse Villanueva,"44802 Cynthia Crescent
North Susan, MH 05479",978.701.1709,413090416
733,Brian Jones,"55767 Amy Spurs
East Kristinton, LA 30451",953-971-5561,450906102
734,Lisa Thornton,"447 Spencer Overpass
Harringtonfort, TN 33432",001-356-974-6300x3134,475916264
735,Kristin Fisher,"9688 Gary Ville
Hunterbury, WY 63889",001-390-337-9661x0023,552392386
736,Lisa Davis,"387 Dana Stravenue Apt. 429
Butlerport, DE 78528",3334652478,668423336
737,Valerie Case,"Unit 2004 Box 8441
DPO AP 22559",001-785-688-4320,654416304
738,Erik Parker,"18048 Jordan Streets
South Justin, AL 14890",448-943-7000x7449,25403126
739,Molly Delgado,"PSC 3178, Box 4323
APO AA 44694",+1-232-697-7533x46693,215318865
740,Sherry Bowen,"897 Jessica Road Suite 686
Powellton, AZ 72967",553-524-6211x00803,344119349
741,Antonio Garcia,"24478 Brett Bypass
Lake Erin, MS 17844",001-497-313-4820x8668,225305851
742,Kelsey Paul,"05230 Wu Shore
Port Lisamouth, PW 83013",439-855-3619x8030,541391881
743,Dawn Gill,"866 Todd Inlet
Lake Josephmouth, SD 10109",340-881-0318x31871,511271848
744,Alejandro Banks,"0062 Burnett Isle Apt. 985
Woodberg, NM 66672",001-704-926-5963x0962,486658012
745,Lori Higgins,"704 Amy Mill Suite 603
South Melissa, FM 81740",556.200.0496,631853991
746,Seth Baker,"232 Sampson Meadows
Skinnerfort, CT 93653",624-763-7925x3964,94461600
747,Kara Collins,"Unit 6738 Box 1808
DPO AA 13788",(506)502-3115x65006,768704680
748,Maria James,"66165 Amy Trace Suite 070
Mcclainland, ID 69051",677.688.2212x873,570816050
749,Rodney Sellers,"03300 Jason Harbors Suite 599
New Danielle, WI 58083",+1-903-367-0386x49110,723134622
750,Ronald Howell,"USS Schultz
FPO AA 66607",824.758.0983x2952,798046402
751,Christian Snyder,"64077 Lyons Mission Suite 313
Garybury, VI 39948",956.912.2802x767,502761098
752,Shannon Leach,"38728 Brent Port
Ryanburgh, DC 32347",805-487-6875,587923738
753,Shawn Lee,"44663 Fox Trail Apt. 379
New Joshuashire, PR 73409",001-933-301-3644,386022039
754,Lisa Gaines,"9925 Young Shores Suite 473
Dixonfurt, CA 09585",8012357715,240889209
755,April Evans,"290 Rowe Camp
Timothymouth, NC 26698",9314911409,397391883
756,Kristie Lewis,"5167 Walker Cliffs Suite 707
Nicholasview, UT 44926",+1-440-491-4158x642,868359525
757,Richard Dalton,"9223 Lewis Plain
New Ashley, FM 46321",827-819-2454x992,75979084
758,Dana Arnold,"031 Katie Squares Apt. 992
Abigailshire, IL 87616",001-827-233-5086,379334658
759,Breanna Williams,"2600 Davis Locks Suite 541
Tylerberg, PA 31046",7833333072,454455629
760,Austin Moreno,"4783 Murray Summit
Olivershire, NE 45159",397.711.8579,414134130
761,Charles Gray,"81417 Whitaker Pines
Oliviatown, IA 43887",(921)209-9917x7016,655583023
762,Kathryn Davis,"93469 Williams Pines Apt. 837
Carlsonchester, MD 50078",8722824604,688837768
763,Jack Curry,"9401 Juan Rapids
Port Rita, SD 45986",776-612-9788,882126939
764,Russell Miller,"5893 Ryan Hill Apt. 524
New Anthonybury, OK 96036",(462)273-9746,403102661
765,Elizabeth Morgan,"920 Elizabeth Plaza
Port Raymondside, VI 25315",334-904-3760x8069,30385663
766,Carolyn Moore,"83587 David Mall
East Alice, WV 40762",001-671-658-3494x079,891921981
767,Kaitlyn Clarke,"42395 Allen Path Apt. 555
East Mark, DC 02664",+1-296-332-7154x1197,588197868
768,Joseph Wiley,"7729 Kim Fields
Port Andre, NV 65050",-2001,503815991
769,Grace Griffith,"52433 Wright Knolls
Marquezport, DC 41398",(678)655-9776,152079099
770,Karen Gross,"26884 Shannon Burg Apt. 593
Millerside, AR 91235",-6891,2994794
771,Daniel Kerr,"218 Jimenez Camp Apt. 880
New Christy, DC 28352",(963)225-2768x7479,781335132
772,Miguel Dunn,"600 Colon Shores Apt. 016
Lake Beckystad, MI 62256",+1-929-364-2853x22038,692788631
773,Courtney Moses,"USS Gibson
FPO AE 57601",(480)477-5396,838488231
774,Beverly Bailey,"226 Willis Isle Suite 590
North Jenniferberg, WA 41621",729.363.6703x85678,804969402
775,Vincent Ferguson,"07476 Hamilton Crossing
North Amberburgh, CA 94820",325.945.6630x337,778339276
776,Lisa Ingram,"PSC 1368, Box 5524
APO AE 08295",400.621.4897,848493601
777,Benjamin Bowen,"7299 Kaitlyn Manor
Rachelside, OH 97431",(469)287-0183x7255,195463823
778,Eric Campbell,"0922 Lamb Lane
Lake Elainehaven, SD 49330",001-613-387-9226x6857,593370304
779,Edward King,"Unit 5313 Box 0043
DPO AA 94556",230-794-7644,385275861
780,Stephanie Patterson,"36629 Brandon Square
Lake Amyshire, AZ 26190",-3653,312417493
781,Kimberly Mitchell,"14531 Jones Street Apt. 275
West Jimmy, DC 19400",669.640.2659x51204,164370378
782,Dakota Brown,"Unit 0014 Box 4602
DPO AP 20273",(710)810-2592x281,348399360
783,Kenneth Torres,"30295 Valdez Drive
Colinbury, WA 77108",+1-922-884-5120x924,284405460
784,Mary Lawson,"28894 Katie Fords Apt. 980
Frederickville, WV 42625",802-262-8454x2534,663817326
785,Victor Hall,"526 Christian Ridges
North Mark, ID 82048",466-824-7140,418216129
786,Sally Robbins,"62495 Jonathan Ranch
Brownmouth, MI 19366",001-621-610-7606,763411370
787,Jorge Curry,"4143 Barrett Pine Suite 390
West Johnborough, NJ 81654",001-956-254-1437x12171,315708207
788,Danny Hicks,"05475 Mark Dale
Reginamouth, NE 70715",001-317-804-8996x84273,353748097
789,Kendra Holmes,"37743 Singleton Terrace Suite 923
Woodwardberg, PA 80148",942.912.0462,22360162
790,Robert Smith,"01628 Brandon Track Suite 895
North Jenniferview, NV 45630",5462982712,297590982
791,Joseph Gallagher,"1438 Jordan Circles
Markton, OH 63449",+1-390-490-9643x4564,641154463
792,Lonnie Anderson,"6407 Glenn Flats Apt. 393
East Claire, MA 22980",(467)498-2023x559,738319380
793,Michael Conner,"776 Salazar Freeway
Desireebury, FM 96414",9079054669,771100730
794,Brittany Francis,"31311 Steele Viaduct Suite 210
New Kim, CT 33978",737.298.3165,745064540
795,Joy Cherry,"1557 Yates Rapid
Williamsmouth, AL 31526",397-506-1565,4308460
796,Alexander Rodriguez,"47883 Murray Harbor Apt. 860
East Kevin, IA 55785",838-767-6795x547,78963423
797,Andrew Mata,"907 Rachel Rapid Apt. 799
Hughesland, MA 04750",399.265.2121x252,414933315
798,Adam Bass,"51520 Rebecca Cliff Apt. 757
Davisside, DC 58453",001-555-844-7062x2197,334670346
799,Martin Oneill,"99061 Yoder Turnpike
North Tashaview, AL 71310",+1-238-487-3980x43747,429720707
800,Derek Torres,"487 Smith Shoals
Hoodfurt, IA 41604",(525)244-1057x03745,327522894
801,Barbara Harris,"46853 John Ville
Johnville, MI 62784",459.564.1804,729166984
802,Peter Gomez,"697 Young Club
Krystalland, AL 72155",(750)996-5199x0721,685891404
803,Curtis Vazquez,"88302 Frank Parkways
Joshuafort, NE 49122",+1-598-597-8460x125,531949339
804,Jamie Stewart,"895 Ricky Centers Suite 917
Simpsonmouth, TN 36982",001-765-822-3669x664,696413087
805,Warren Lucas,"247 Tanya Plaza
Lake Debra, WV 40102",516-700-9504,560763323
806,Taylor Monroe,"09827 Bell Plains
South Richardview, NC 86082",+1-471-544-5608x9656,434732999
807,Jeffrey Wells,"442 Kelley Orchard Suite 518
New Heathermouth, GU 28626",+1-623-496-3695x814,677537456
808,Mark Wise,"9248 Brady Place Apt. 105
Johnborough, OK 49944",001-644-719-4712,247480334
809,Julie Moreno,"1032 Jones Ports Suite 009
West Wesleyburgh, NM 24955",887-923-6690x2880,639588548
810,Kevin Larsen,"768 Hill Corners Apt. 002
Montgomeryshire, MI 39579",(955)792-0467x517,340556211
811,Jordan Mccormick,"58436 Jon Trafficway Apt. 153
Port Lindaberg, KY 52060",001-608-587-8625x88602,587860560
812,Devin Case,"PSC 2253, Box 4303
APO AP 65545",683.929.3358x23838,774108760
813,Claudia Cain,"42188 Sharon Station Apt. 997
Nicholastown, GU 50758",716-580-0770,746093971
814,Courtney Frazier,"87375 Jessica Pass Suite 416
New John, AR 21718",347-956-7968x070,596681762
815,Pamela Morgan,"40610 Joshua Dam Suite 837
South Donald, OH 05936",728-721-2385x0427,562801520
816,Diana Stanton,"661 Christopher Mountain Apt. 355
East Mary, NH 62593",214-544-5912x81092,696810043
817,Brian Smith,"42788 Fisher Shore
Port Adammouth, CO 77492",+1-412-923-8934x6684,429153946
818,Jason Hall,"715 Pugh Crossroad Suite 783
Lake Julian, MN 21770",001-921-300-2285x960,589178488
819,Martin Rojas,"7574 Katrina Lakes Suite 027
East Jeremystad, IN 33412",5296870426,553776235
820,William Hill,"350 Aaron Port Suite 746
Aguilarville, KS 59162",001-932-215-9521x118,288721518
821,Nicholas Hopkins,"47966 Greene Neck
West Sarahfort, AS 44744",001-342-606-5968x710,706040390
822,Christopher Moore,"Unit 9452 Box 9063
DPO AE 53627",-2228,572815739
823,Andrew Lewis,"468 John Camp Apt. 473
West Davidview, MD 75642",(267)941-0306x63139,513930446
824,Charles Casey,"Unit 0972 Box 6673
DPO AA 46661",531.339.2650,748500349
825,Alicia Kirby DVM,"USNS Miller
FPO AA 31298",583.250.3147,150944309
826,George Lewis,"50908 Kennedy Loop
Port Sara, CT 15767",2325733459,849614859
827,Rebecca Mcdonald,"7050 Donald Lake
West Brandyside, GA 77106",563.510.6409x932,848217330
828,Ronald Williams,"PSC 4001, Box 9820
APO AA 42954",(616)278-1823,703065031
829,Laura Wood,"274 Thornton Walks Apt. 601
Howellmouth, IN 56348",844.897.4825,122271692
830,Laura Walsh,"Unit 2017 Box 7176
DPO AE 41122",001-719-523-0097,510381358
831,Richard Jackson,"108 Brian View Apt. 468
Lake Sandra, MH 52906",+1-685-496-8640x1381,44696219
832,Bradley Gray,"04195 Spencer Stravenue
Thomasland, NE 41752",706.776.7630,844582919
833,Peter Burke,"09053 Drake Freeway
New Michael, NH 27975",-3589,765712833
834,Andrew Reid,"529 Davis Bridge Suite 408
South Christopher, CO 68320",915-999-5772,118674768
835,Cole Odonnell,"660 Heather Light Suite 248
Tylerberg, AZ 08797",001-428-575-2092x6875,322869776
836,Virginia Myers,"Unit 3582 Box 9965
DPO AE 73765",899.792.8069x03499,83234585
837,Erik Giles,"4044 Dawson Views Apt. 272
Davidville, PR 42840",246-986-8314,826800683
838,Jacob Mason,"897 Woodward Walks
Antoniohaven, AR 70302",482-714-1859x868,550708566
839,Melinda Hunter,"07362 Nancy Stream
North Ashley, MI 01381",254.647.3646x65106,725122818
840,Connor Evans,"USNV Dougherty
FPO AA 42367",(278)938-0566x87597,491827902
841,Blake Newman,"Unit 1556 Box 5087
DPO AE 31815",562-883-2472,17213346
842,Timothy Ward,"1576 Richard Turnpike
Port Kaitlynmouth, IA 87536",904.796.6781x132,85468495
843,Emily Thomas,"012 Smith Haven
South Carrie, DC 56454",970-614-8209x8771,20930675
844,Alexander Evans,"USCGC Goodwin
FPO AE 74453",+1-366-653-1885x0571,690473147
845,Casey Scott,"91840 Williams Throughway Apt. 351
New Robert, LA 76574",(362)775-5691x8270,207936106
846,Abigail Snyder,"PSC 0978, Box 8336
APO AP 15508",487-478-4620,112078979
847,Charles Decker,"0522 Patterson Mountain
Rebeccaton, HI 66654",-6060,212902156
848,Joy Palmer,"06130 Rebecca Freeway Suite 014
North Rachelmouth, FM 79968",429-253-8691,80056331
849,Alicia Lee,"01549 Garrison Mountains Apt. 447
Blackwellton, IN 56318",524-809-0869,338374799
850,Robert Murray,"4293 Harold Estates
Diazmouth, WA 21696",-5767,766645386
851,William Young,"532 Mark Gardens
Brownview, WY 30960",-10101,820222245
852,Eugene Anderson,"Unit 4195 Box 8068
DPO AA 63685",(321)597-4693x39825,749863289
853,Phillip Parker,"390 Kerri Overpass Apt. 704
Acevedoburgh, VI 11548",207-965-7691x31584,227040157
854,Patricia Andrews,"066 Estes Lane
New Antonio, NH 75183",+1-637-878-2532x11422,317186089
855,Christina Short,"799 Gerald Well Suite 189
Mcdonaldview, MD 43065",830.934.7889,512751774
856,Jennifer Ryan,"613 Shirley Knoll
Cunninghammouth, WA 88155",+1-912-261-8517x37081,534170663
857,Sean Parker,"PSC 5993, Box 0284
APO AP 91730",4636876451,15426715
858,Matthew Paul,"00927 Perry Courts
Margaretview, VI 44284",+1-813-551-4810x773,341141843
859,Patricia Rojas,"369 Thornton Haven
West Michael, GA 15355",(212)650-5696x577,807635623
860,Jill Lawrence,"899 Bush Square Apt. 941
New Staceyberg, NH 46812",001-348-933-0010x843,473967703
861,William Miller,"4687 Joshua Path
Port Jeremyside, NC 20225",001-501-514-9429x800,633168365
862,Larry Mccoy,"5660 Cook Junction Suite 205
Denisechester, LA 39640",593.414.3888x75658,568342412
863,Tammy Avila MD,"5549 Kevin Forest
Keithport, ND 75987",(993)478-0117x0310,378805421
864,Stacey Hester,"5813 Robert Fall Suite 912
Georgeport, MI 66548",+1-919-449-4420x223,520604760
865,Justin Schwartz,"70392 Rodriguez Ports
Hallmouth, PW 93213",766-842-5643x17127,431605329
866,Larry Lewis,"3447 Martin Cove
Garciaburgh, VT 45875",+1-503-715-6004x13578,16723005
867,William Grant,"0896 Hess Expressway
Wilsonbury, PW 97168",(484)847-1616,851451496
868,Felicia Freeman,"2553 Lynn Vista
Port Robinshire, WV 18761",396.385.6509x90312,406736172
869,Chase Adams,"7896 Gregory View
Port Leslieville, ID 86529",5712181509,131359911
870,Frank Patterson,"38424 Molina Drive Suite 523
Lake Ricky, MT 86690",979.848.5707,640791070
871,Julie Harrington,"4067 Kimberly Corner
Paulland, NE 84880",+1-336-918-2972x7708,651641019
872,Ronald Gonzalez,"9218 Bell Spur Apt. 039
Lake Ginaport, MO 57973",+1-373-469-6310x738,548136027
873,Tina Harper,"6034 Michael Mountain
South Natalie, NJ 57720",4747663729,834396855
874,Erika Daniel,"88392 Regina Forges Apt. 613
New Paigemouth, PA 77742",+1-265-430-5995x93407,356256766
875,Dawn Knight,"16331 Karen Run
Lake Danny, WV 42833",558-932-2955,549624640
876,Emily Everett,"Unit 0190 Box 3328
DPO AA 17931",800-611-5134,773976622
877,Andrew Day,"2898 Justin Port Apt. 749
Geraldfort, MT 31070",(562)372-8549x04930,675863846
878,Roberto Bolton,"138 Gregory Squares
Josephtown, NM 31675",001-773-376-6724x2740,823812723
879,Zachary Rangel,"594 Robert Union Apt. 853
Gloriastad, MO 60437",(924)800-4632x1691,71968893
880,Samantha Allen,"0664 Lucas Lodge Apt. 110
Lake Amyshire, NJ 16270",290.208.5362,142427034
881,Nicholas Martin,"02035 Karen Village Apt. 458
Loweryburgh, TX 72294",(816)682-8687x16854,421271384
882,Frank Patel,"2880 Sean Common
Johnsonmouth, VI 25142",+1-931-246-2268x19298,422256493
883,Kristen Cooley,"18129 Karen Unions
West Pamelaside, AL 38150",324-264-9946,308073949
884,Juan Wright,"278 Bennett Tunnel
Whitefort, MI 71885",001-210-347-9147x3748,8424833
885,Robert Franklin,"Unit 0955 Box 7975
DPO AA 81364",9994615243,566769781
886,Antonio Mccormick,"2329 Reese Cape
New Michael, PW 40995",001-954-237-9259,828793994
887,Mr. Derrick Carter,"PSC 5770, Box 9081
APO AP 16418",252-996-0673,133950751
888,Matthew Hernandez,"4843 Campbell Mills
East Joshua, VT 56839",001-988-212-8582,603351717
889,James Ho,"19534 Thomas Spurs
East Racheltown, DC 14939",313-519-7280,766180769
890,Joe Reese,"42909 Scott Cape Suite 535
Lake Rodney, NY 02319",4865860970,3632140
891,Richard Reynolds,"12776 John Roads Suite 091
Mooreshire, MH 43876",(478)710-4228x486,504160736
892,Maria Bentley DVM,"4897 Wiley Islands Suite 496
Cooperfort, IA 28397",(970)954-0454x570,441673221
893,Luis Bell,"211 Joseph Shores Suite 503
West Shawnmouth, NE 25308",802.513.9501x2805,106345513
894,Mark Dorsey,"0974 Williams Oval
Sarahaven, PW 82154",825-384-4061x12626,539303579
895,Raven Perez,"62527 Kelly Field
New Troy, NV 49169",-1714,271703078
896,Matthew Marks,"830 Michelle Lane Apt. 085
Brandontown, MD 85147",001-328-798-0913x752,136796908
897,Christopher Padilla,"054 Reese Coves Suite 701
Sanchezberg, PA 03865",989-805-2807x716,749192010
898,Jillian Kerr,"USCGC Anderson
FPO AP 74023",(416)426-4710,546561011
899,Nicholas Baker,"7829 David Alley Apt. 483
Boonetown, MH 63692",(242)838-0889,663802662
900,Patricia Cole,"1651 Karen Points
Buchananport, AS 17959",001-950-466-9109x27566,79674129
901,Jamie Phillips,"880 Roman Forest Apt. 116
Port Aaron, RI 06694",+1-569-905-4196x157,892905980
902,Jessica Smith,"731 Dawn Lodge Apt. 787
East Mariaton, MA 17734",(555)632-1647x239,525095818
903,Suzanne Bryant,"3316 Marquez Glen Apt. 586
Zacharyburgh, PW 62845",001-870-545-3757x67130,61025666
904,Darlene Brown,"1381 Mary Estate Suite 599
Christinamouth, CA 03424",001-373-800-1712,238673795
905,Jessica Snyder,"602 Lewis Ford
West Kyle, CO 66380",829.686.1348,484225649
906,Julie Garcia,"68212 Carol Rapids
North Benjamin, MS 13694",(471)304-6106x07418,476043749
907,Julia Bryant,"739 Chelsea Oval Apt. 633
Lake Johnville, MH 36638",504-656-2193x796,260034439
908,Joshua Mora,"4465 Roth Isle
South Kristin, KS 13616",687-256-9855,547257958
909,Peter Bradley,"150 Chandler Stream Apt. 728
Christinaside, PW 80780",(996)570-3390x131,682108573
910,Alicia Moore,"756 Patrick Shoal
Danielleport, MD 07630",001-617-922-7329x67843,541563917
911,Danielle Charles,"3297 Arnold Land Apt. 094
Natashaland, TX 65254",(446)582-3080,472611964
912,Joshua Welch,"41115 Wong Brooks
Mitchellmouth, PA 73624",971.244.4823x13642,285595805
913,Angela Cox,"4647 Thomas Fork
Lake Brianchester, NV 64578",001-260-427-7620,2408425
914,Anthony Williams,"466 Steven Highway
Lopezburgh, NE 53198",001-846-616-6594x6193,403820230
915,Joshua Perry,"35467 Samuel Landing Apt. 606
Edwardview, GU 45007",5384676604,113059050
916,Brian Stokes,"PSC 3318, Box 1675
APO AA 49388",3843316789,207609049
917,Jody Johnson,"644 Johnson Ford Apt. 704
Robinsonton, SC 56080",001-933-286-7141x006,90858347
918,Kelly Mitchell,"037 Burke Port Suite 927
Walkermouth, RI 82553",2928534563,124564818
919,Jamie Vaughn,"9936 Brandon Island
Danielleport, NV 93941",001-648-963-2741x6652,181108660
920,Samantha Barnes,"219 Paul Junction Apt. 982
Vanessaton, MA 01473",824.223.3100x6341,638972578
921,Michael Davidson,"223 Rodgers Forges Apt. 761
East Kennethtown, PA 41578",875-215-2042x03530,383433665
922,Debbie Golden,"31742 Moss Ports Suite 762
North Derek, WV 88844",9618734159,351833696
923,Kelly Howell,"4857 Michelle Terrace
Lake Dennisshire, NV 52102",313-506-5893x4025,139826943
924,Julie Snyder,"7233 Emily Branch Apt. 185
Brownborough, PR 48167",521.417.1447,646886430
925,Todd Figueroa,"USNS Price
FPO AA 23003",7153815212,368174634
926,Christopher Franklin,"05604 King Green Apt. 721
Wilsonport, GA 90395",482-661-7122x100,35132699
927,Doris Maddox,"25415 Michael Burg Apt. 044
Petersbury, VI 69825",(869)792-2598x8008,519757500
928,Sharon Gonzalez,"4638 Hayes Extensions
Kristinaberg, FL 91661",001-664-849-0858x4722,20485981
929,Gary Hanson,"466 Tara Vista Apt. 764
Joshuaton, WY 89559",640.840.4033,635680765
930,Lindsey Baker,"728 Taylor Square
Lake Jennifer, VI 96787",635-525-3720x3430,726933260
931,Alexander White,"102 Meyer Trail
Lake Angela, PW 74983",+1-426-420-2256x599,319808569
932,Angela Hannah,"9395 Jacob Course
Dominguezport, ND 18827",+1-728-642-4652x90817,872353547
933,Katherine Wilkerson,"Unit 5082 Box 9305
DPO AA 88971",472-687-7673x895,561387522
934,Jessica Lyonss,"87975 Amber Freeway Suite 036
Valeriefurt, WV 44821",(900)936-0453x33068,94230772
935,Jessica Anderson,"9484 Amanda Ville
Ianstad, ND 69894",837.446.6199x83801,600640089
936,Shannon Marshall,"25488 Matthew River Suite 650
New Edward, AZ 83341",001-679-707-6107x3137,734026672
937,Amanda Mcgrath,"600 Barrett Rapids Suite 443
South Pamelaton, NC 91064",571.570.9248x561,266393479
938,Shelly White Color,"04419 Armstrong Radial
East Jennifer, AK 28726",(624)232-9953x21945,231644157
939,Adams,"9564 Andrew Hollow
Davidfurt, SD 34299",(816)682-5806,892872920
940,Carol Silva,"517 Huffman Corner Apt. 947
Johnsonport, MP 72214",5813985644,617970688
941,Reid,"PSC 1005, Box 3549
APO AA 53870",+1-404-759-7936x76420,782220776
942,Dr. Jeffrey Jordan,"18435 Eric Walk Apt. 203
Mullinsport, DC 76758",584-459-1825x34334,500188285
943,Kendra ,"0472 Blanchard Rapids
Brianport, NM 46375",539-977-1255,24119391
944,Jackie Barrera,"PSC 6341, Box 9084
APO AE 53635",752-975-4402x675,657915865
945,Mackenzie ,"6609 Smith Ford Suite 986
Davilachester, AS 24215",+1-737-675-5068x49929,394718316
946,Joshua Carrlson,"8770 Richards Loaf
West Garytown, NC 13809",-11137,890466490
947,Jordan Park,"22949 Jones Ways Suite 056
South Brian, GA 80461",(905)589-8734x5156,893844716
948,Shawn Fleming,"Unit 8031 Box 9907
DPO AP 08353",(404)471-1737x86820,295397997
949,Lindsey Anderson,"USNV Lester
FPO AP 52480",+1-204-910-4793x5661,133525948
950,Paul Andersen,"7022 Garcia Fields Suite 689
Murphyshire, MH 71854",001-692-720-6443x919,685575906
951,Marie Gamble,"6980 Nicholas Crossroad Suite 094
Thomasville, GU 38917",744-468-9052x3645,223683659
952,Kenneth Mcconnell,"8273 Burch Mews Suite 873
Port Melissa, CT 30712",815-322-3290x291,736575844
953,John Hernandez,"669 Jeffrey Brooks
South Howardmouth, IL 41839",803-767-5994,821372742
954,Shannon Anderson,"3802 Jones Village
West Johnmouth, SC 69808",001-538-332-9443x835,540106045
955,Brendan Sanchez,"01575 Jesus Station
West Norma, NM 20154",3707939143,310010675
956,Gregory Walsh,"01751 Bryan Lake
Port Amanda, NJ 55833",450-416-7554x474,75529314
957,Vincent Anderson,"241 Bryan Centers Apt. 950
Christinahaven, NC 96979",2598868494,85894201
958,Mrs. Meghan Webb,"04014 Andrea Islands
New Michael, PW 76434",(265)282-8878x4678,783487623
959,Jessie Bauer,"3960 Karen Divide
West Christopher, IL 67871",(838)718-5532x3163,770863480
960,James Bradford,"5363 Alice Route
Crystalborough, SC 96663",582-719-6649x81410,83175323
961,Carrie Schmidt,"Unit 8279 Box 9821
DPO AE 02073",674-909-3260x7768,800714806
962,Cody Nguyen,"1057 Mercado Union Suite 450
Delgadomouth, SD 17729",001-956-829-9918,515041481
963,Antony Crawford,"601 Thompson Street Suite 533
Hoganton, SC 49450",+1-334-201-5060x51011,37665118
964,Kurt Perey,"94496 Kaiser Neck
Lake Justin, FM 14803",(446)703-2686x719,838054629
965,Nicholas Rhodes,"92297 Durham Ridge Suite 523
North Richard, IA 86825",(624)767-8951,116325693
966,Christine Montes,"3977 Sarah Loaf Suite 081
East Carol, NJ 25257",932-290-7969x6714,615063703
967,Russell Burke,"592 Mark View Suite 498
South Ericmouth, IL 86030",(940)687-8908,116074768
968,Shannon Baker,"1549 Christian Spur Suite 232
Emilyborough, AS 82053",+1-213-826-0828x02207,75638539
969,Bill Jones,"06769 Rodney Mount
New Robertview, NC 87344",545.675.9216,155116036
970,Karen Chaney,"8680 Carolyn Court
East Anaville, WI 10071",001-757-750-2311x25086,427938384
971,David Parks,"0717 Rodriguez Corner
East Kimberly, NJ 65468",3584208888,20177467
972,Kristi Mendez,"3155 Bailey Roads Suite 767
Ernesthaven, MT 04607",584-699-7408,97199866
973,Michael Griffinth,"02727 Stephen Crossing
Wheelerville, MI 13526",531-740-1679,548543584
974,Zachary Salazar,"PSC 1292, Box 0641
APO AE 24144",+1-916-649-4528x6995,695322253
975,David Health,"82140 Brown Plains
Lake Michelle, NY 38906",672.792.8344,558192653
976,Ann Nixon,"7150 Lisa Tunnel Suite 457
West Joshuachester, RI 46871",754.576.7769x29510,386090646
977,Patricia Munoz,"7460 Jorge Branch Apt. 593
Hensonville, KS 09019",(973)850-9751x421,184386964
978,Dillon Stone,"399 Cindy Crescent Suite 755
West Tyler, AZ 96717",+1-817-563-4480x41499,376631050
979,Mario Hicks,"19008 Duran Centers
South Christy, RI 09754",705.320.2944,804229582
980,Jessica Willis,"610 Cardenas Lock Apt. 102
East Melissatown, PW 61863",321-818-6514x2073,499418368
981,Gregory Smith,"2899 Fischer Harbors
Nathanfort, VI 89709",-4425,476194320
982,Christopher Blackwellt,"801 Phillips Spring
North Garystad, FL 78695",904-584-4848,439485119
983,Logan Robinson Paul,"6344 John Mills
South Heathershire, AZ 68279",673-576-1707x70716,24465368
984,Ms. Ashley Ochoa,"81890 Dustin Grove
Port Jeannechester, ME 58471",343-615-2575x9468,24866735
985,Tyler Lewis,"291 Williams Plain Apt. 590
Taylorland, CA 43975",5533361390,565607864
986,Justin Callahan,"9959 Timothy Extensions
New Stacey, OK 55391",+1-811-341-2779x0920,587324111
987,Steven Mitchell,"88717 Schwartz Plaza Apt. 663
New Diane, MS 69587",351-546-1753,471714987
988,Mr. Anthony Harris,"270 Katherine Locks
Lake Julia, GU 35733",(408)382-4949,257877534
989,Timothy Galloway,"8812 Adam Mountain Apt. 555
New Curtisburgh, AL 17948",432.473.8818x8173,553412004
990,Amber Garcia,"4479 Edward Pines Suite 100
Port Michaelchester, AR 68686",+1-920-868-1973x494,435499116
991,Kyle Morris,"USS Holmes
FPO AA 57243",3364333209,264849108
992,Gary Knight,"705 Jeffrey Brook
Moranstad, WI 61667",863.680.1103x75923,80961695
993,Ms. Audrey Frank DDS,"96391 Traci Passage Suite 019
West Catherineberg, RI 56071",695.530.3961,193034493
994,Ms. Jennifer Hill,"1336 Fuller Field Apt. 949
West Robertshire, TN 87787",972.671.9791,260877533
995,Nancy Barnes,"035 Russell Radial
West Austinborough, WI 85504",001-370-517-7427x92585,556343801
996,Eric Huber,"0087 Gary Vista Suite 220
Deanfort, KY 40627",415.851.7953x7119,748120770
997,Ryan Gonzalez,"49262 Rosario Flats Apt. 436
Lake Briannashire, KY 17457",916-664-8094x841,568127118
998,Christy West,"857 Jeanette Drive
Hobbsfurt, UT 99868",3744496905,518616471
999,Kevin Simmons,"38879 Morgan Burgs Apt. 325
West Jasminemouth, PA 09828",203-327-2778x11824,16476669
1000,Jeffrey Garcia,"944 Kelly Island
West Kristen, AR 56915",667.718.8826,456893708
1001,William Clark,"80962 Lang Pike Suite 065
Marymouth, NY 13169",001-467-884-0912,819162742
1002,Edward Lucero,"71696 Thompson Points Suite 642
Jennamouth, DE 03934",(316)652-1736x1216,509919777
1003,Jina Johnson,"933 Nathaniel Greens Suite 001
Chenhaven, NE 16386",466-744-6865x05499,371315587
1004,Jessica Baker,"1096 Schroeder Trail
West Beth, PA 06702",+1-210-831-1763x66330,398896049
1005,Rachel Parker,"371 Smith Hill
West Elizabeth, VI 39341",943.886.2351x212,381919492
1006,Julian Lopez,"588 Julie Fields Apt. 126
Watsonton, NH 59076",979-402-0718x375,565815459
1007,Jeremy Fordd,"8689 Justin Valley Suite 565
Rodriguezland, MA 13711",001-378-255-4747x343,149981696
1008,Marvin Abbott,"8172 Compton Street Suite 525
Brendashire, CO 61551",(914)355-0561x680,232292681
1009,Dr. Pam Young,"2955 Jenkins Village Apt. 234
North Matthewfort, AZ 81453",-3809,730474003
1010,Charles Nelson,"00634 Nicole Pass Suite 486
North Tanya, MA 93471",001-342-609-8567x3642,564541891
1011,James Jackson,"PSC 1861, Box 5584
APO AP 82517",295-841-4554x9989,608974554
1012,Colin Hoover DVM,"782 Contreras Common Apt. 642
Wolfeburgh, AZ 16128",-10768,669459142
1013,Luis Wileyy,"5150 Bailey Causeway Suite 431
Matabury, IN 36327",+1-253-310-4734x45174,44841829
1014,Jason Gonzalez,"534 Michelle Union
Nicholasfurt, NY 11161",-10098,401348757
1015,Jenna Ramirez,"462 Graves Stream Apt. 230
Maryside, NE 52023",912.775.3174x1055,898891246
1016,Brenda Tucker,"2598 Evan Plains
Jonathanborough, IN 23486",(311)731-0768x60093,540921269
1017,Robert Bush,"361 Sarah Prairie
Johnsonview, ID 06472",5383838487,16072893
1018,Kelly Lane First,"57504 Bradford Plaza Apt. 148
Emilyburgh, KS 65175",578.644.0448,385992559
1019,Ashley Hernandez,"272 David Mountain Suite 504
Whiteland, NC 97089",001-621-227-7012x256,1637682
1020,Daniel Coleh,"80023 Rodriguez Throughway Apt. 347
East Janeside, CA 62787",496-647-3268,309438173
1021,Jared Kane,"333 Hall Trace
Davisfurt, OH 98466",(487)797-6532x1960,784577360
1022,Ashley Oconnor,"7080 Kaitlyn Junction Suite 691
Michaelside, AK 13237",+1-999-764-7312x36757,257550793
1023,Christian Jenkins,"0031 Joseph Rue
New Timothy, WY 40645",(638)496-4312x978,121247385
1024,Jeffrey Wright,"7154 Brian Avenue Suite 962
East Allisonland, AL 46750",+1-947-869-7771x6555,46173231
1025,Dr. Robert Mercado MD,"8800 Peter Land Suite 153
Sullivanshire, AR 68778",688-299-3280,5551932
1026,Jordan Taylor,"USCGC Cervantes
FPO AP 93681",472.520.1511x101,797589082
1027,Tammy Johnson,"375 Rodriguez Summit
South Ginafurt, CA 83780",001-359-868-5789x733,205860545
1028,Kathleen Waller,"940 Floyd Prairie
Maldonadoton, MH 90825",272-530-1813,142446393
1029,Richard Blaike,"601 Henderson Crest
East Peggy, IA 97877",664-298-8191x59595,258148167
1030,Mr. Charlene Burgess,"91551 Rowe Forge
Deborahbury, MI 39047",+1-599-652-0900x048,554920253
1031,Paul Barnett,"99564 Tamara Mill Apt. 764
Swansonstad, CO 53027",906-733-7100,15331102
1032,Jose Parks,"5811 Hernandez Extension
East Brian, AZ 56770",552-695-4434,763382419
1033,Marcus Benitez,"56647 Paul Corner Suite 348
East Michael, MH 08690",(320)397-3952x3254,124200550
1034,Lisa Park,"16040 Rodriguez Centers
Watsonshire, OK 95749",537.917.9145,324215072
1035,Dr. David Sawyer,"28241 Michael Hollow Suite 836
Jasonton, NJ 47177",464-740-5478x1926,49798457
1036,Katrina Meyer,"24781 Kim Rapid
Aprilstad, MS 25818",001-553-272-6892x654,367855139
1037,Mr. Richard Lambert,"0165 Dustin Corner
Lake Garrett, WY 65274",(637)646-5186,873873002
1038,Mrs. Lindsey Jackson,"223 Brett Shores Suite 081
Wolfchester, RI 23150",001-222-502-5020,751142794
1039,Rebecca Weavier,"036 Carter Highway Suite 722
North Traceyland, VI 64640",-9938,4813259
1040,Eric Richards,"131 Lewis Squares Apt. 775
Taylorfurt, SC 85381",350.216.1800,307879770
1041,Jonathon Waller,"96611 Thompson Port
New Tonyaview, IN 89640",414.858.7713x01049,213677501
1042,Kenneth Peters,"857 Dylan Burg Suite 569
South Joseph, DC 94290",001-716-787-5072x156,303336364
1043,Michael Perkins,"35160 Kennedy Ridges Suite 060
South Jason, IA 90755",2244166352,109701343
1044,Catherine Hunter,"0137 Owens Village Suite 761
Coreyshire, SC 49138",(509)425-1335x0866,174140082
1045,Shelby Turner,"344 Justin Turnpike
East Brittany, WA 59176",(397)245-0339,678743830
1046,Christopher Williams,"0386 Roberts Row
North Cory, DC 54622",(261)961-0459x6795,471263968
1047,Nancy Snyder,"6916 Sullivan Wells
Lopezshire, VT 30318",395-397-1534x5499,595131346
1048,Jacob Wells,"00438 Hernandez Lake
Martinfurt, UT 56348",001-653-828-6510x7489,335387157
1049,Joseph Cardenas,"USCGC Hunt
FPO AA 68350",001-434-738-0616x89606,221299840
1050,Brandy Nguyen,"USCGC Bell
FPO AE 38021",7717712885,28741641
1051,Patrick Chapman,"630 Richard Spurs
Tracyberg, AS 55861",001-541-578-3916x3259,737900405
1052,Patrick Peterson,"135 Green Falls Apt. 072
Whitehaven, UT 21599",001-563-655-4009x830,596523179
1053,Jay Curry,"365 Sellers Drives Apt. 041
New Kathyberg, VI 37007",772-353-4195,369227577
1054,Alexis Bell,"0910 Anthony Parkway
Garciamouth, NV 74403",001-358-873-7205x75721,231164719
1055,Joshua Ellison,"12663 Ramsey Canyon Suite 400
Hudsonport, SD 26282",827-931-7704x6742,191792991
1056,Matthew Martinezz,"601 Stephanie Creek
New Elizabethport, VT 00612",2918740969,280243285
1057,Peter Serranoh,"PSC 2445, Box 2182
APO AA 20415",966.377.4890x252,392797055
1058,Charles Pearson,"345 Hughes Islands
East Jonathonburgh, MN 28814",301.433.6509x110,13966693
1059,Ryan Stewartt,"126 Johnson Cliffs
Lake Scottstad, WV 00787",(809)281-4369,590713258
1060,Stephen Flores,"7067 Perez Island
Port Willie, IL 57295",(826)222-8588,321713993
1061,Ronald Johnson,"203 Odom Center Suite 809
Garciashire, MS 16654",001-488-436-9851x807,26733980
1062,Angela Montoyah,"PSC 6497, Box 3281
APO AE 99108",916-597-3446x9400,571363353
1063,Elizabeth Mclaughlinn,"304 Barbara Squares Suite 966
Collinsburgh, DE 63567",(771)948-9886,121032236
1064,Christopher Rogers,"37018 John Rest Suite 816
Christophertown, MT 60397",+1-411-787-1351x48647,685015972
1065,Marcia Cohhen,"413 Nicole Vista
South Crystalport, CO 64822",893.284.1176x30629,678301790
1066,Jon Matthews,"36907 King Ramp
Murraytown, FL 98686",472.442.7096,27858245
1067,Elizabeth Wolfe,"USNV Williamson
FPO AA 56534",001-981-861-3282,896166089
1068,Jonathan Miranda,"437 Kimberly Brooks Suite 547
West Travis, MP 62887",-7765,356461899
1069,Stephanie Harmon,"PSC 4172, Box 2528
APO AE 32072",(311)639-0168x238,598148843
1070,Mary King,"516 Kimberly Stravenue
East Sherry, PW 74889",677-497-4678x88185,256208237
1071,Jordan Patterson,"047 Bartlett Turnpike
Fischerbury, NH 92669",-7183,577988090
1072,Nicole Cook,"0056 Matthew Knoll
Lake Matthewtown, OK 70358",522-977-1808x82979,311385597
1073,Larry Miller,"0519 Tran Loop Apt. 159
Laneburgh, MP 63120",878-535-9835x8974,336205833
1074,Dawn Mayor,"195 Gregory Coves
Christophermouth, IL 56250",4784095650,129219085
1075,Ashley Woodad,"8296 Scott Walks
South Jenna, TN 73089",331-706-9596x04392,744241384
1076,Patricia Vasquez,"538 James Street Apt. 973
New Bryan, AS 18393",7495603629,188890622
1077,Dr. Laura Gordon,"90958 Alex Hills Suite 569
Craigmouth, NH 36417",001-768-264-5742x2567,531927080
1078,Austin Long,"0793 Rodriguez Stream Apt. 459
South John, ND 46754",207.816.7888x87845,457046994
1079,Lawrence Vasquez,"43981 William Inlet
Princeshire, IN 78503",001-946-224-7158x215,637616500
1080,Steven Brown,"36799 Jennifer Summit
East Derek, ND 56450",(484)811-2701,713732696
1081,Derek Barnes,"826 Julia Inlet
Lisaville, WI 11097",591.696.1180,674466578
1082,Robert Johnson,"063 Shelley Rapids
Nicholashaven, CT 00614",001-925-652-4729x2478,41502098
1083,Sue Lyons,"6241 Landry Island Apt. 411
East Michaelville, MS 60315",+1-674-387-0135x51766,400118512
1084,Alexandra Jordan,"Unit 3336 Box 8492
DPO AP 85655",741.546.9344x22094,301099500
1085,Gregory Burchh,"PSC 5457, Box 2469
APO AA 53995",413-296-6189x14578,440918168
1086,Christina Ford,"4155 Paige Views Suite 718
Brittanytown, IA 94825",001-941-763-5339x6714,330246793
1087,Jason Quinn,"02300 Cooper Overpass Suite 159
Lake Amy, DC 37700",581-467-6892,406633553
1088,Ronald Schwartz,"312 Matthew Rue
East Benjaminside, FM 83867",(603)302-5613x598,492919075
1089,Alexander,"3780 Valentine Gardens Apt. 476
Zacharyburgh, MD 33856",(260)974-4258x66762,717268410
1090,Brenda Schneiderr,"037 Amy Falls
Port Brian, FL 21883",663-328-5251,449484688
1091,Danielle Aguirree,"1150 Vickie Parkways
West Samuel, MH 12529",233.667.6682x17937,358473941
1092,Spencer King,"686 Anderson Groves
West Tara, GU 54012",220-320-8747x2167,753538853
1093,Anthony Dixxon,"88675 Michelle Fall Apt. 060
Shannonborough, IA 63036",001-739-809-8458x00788,621712670
1094,Dean Price,"66379 Zachary Green Apt. 509
South Sandrabury, NE 01075",201.818.1543x8092,435329555
1095,Randy Spencer,"0968 Richard Bridge Suite 369
Mendezshire, DC 73512",642-825-2813x7812,554753639
1096,Wayne Russell,"492 Blanchard Parkways Suite 957
New Nicoleberg, DC 31181",(600)604-8058x5427,13216507
1097,Wendy Kemp,"2151 Saunders Canyon
West Donnatown, AZ 85436",374.597.6976,287356835
1098,Kayla Ayala,"589 Wu Walk Apt. 505
Whitakerport, WY 39332",+1-889-671-8828x32736,295267352
1099,Katherine Hernandez,"PSC 8842, Box 1245
APO AE 13657",233-878-9764x764,146721365
1100,Christopher Edwards,"PSC 4636, Box 2735
APO AP 69182",800.894.3297x01322,727948912
